ID_LOCAL;DIRECCIÓN;LOCAL;REGIÓN;RPM;EMPRESA DISTRIBUIDORA;ESTADO;COMUNA;CONVENIO;FORMATO
3;Diego Portales 2090;OLMUE;V - Valparaiso;0;EL GRANIZO LTDA;Abierto;Olmué;SIN CONVENIO;UNI
5;Nicaragua 1571;LAS COMPAÑIAS;IV - Coquimbo;2644;AGUAS DEL VALLE S A;Abierto;La Serena;SIN CONVENIO;UNI
6;El Sauce 981;SINDEMPART;IV - Coquimbo;0;AGUAS DEL VALLE S A;Abierto;Coquimbo;SIN CONVENIO;UNI
7;Brasil 663;VALLENAR I;III - Atacama;0;NUEVA ATACAMA;Abierto;Vallenar;CONVENIO;UNI
8;Brasil 715;RECOVA;IV - Coquimbo;0;AGUAS DEL VALLE S A;Abierto;La Serena;SIN CONVENIO;UNI
9;Francisco Varela 1480;COQUIMBO;IV - Coquimbo;0;AGUAS DEL VALLE S A;Abierto;Coquimbo;SIN CONVENIO;UNI
10;A Prat 295;TIL TIL;RM - Santiago;0;AGUAS ANDINAS S.A.;Abierto;Til Til;SIN CONVENIO;UNI
11;Alessandri 531;ALTO PEÑUELAS;IV - Coquimbo;0;AGUAS DEL VALLE S A;Abierto;Coquimbo;SIN CONVENIO;UNI
12;Reinaldo Boltz 1950;CISTERNAS;IV - Coquimbo;0;AGUAS DEL VALLE S A;Abierto;La Serena;SIN CONVENIO;UNI
13;Carlos Pezoa Veliz 10-22 Loc 01;LA TORRE;II - Antofagasta;0;AGUAS DE ANTOFAGASTA S A;Abierto;Antofagasta;SIN CONVENIO;UNI
14;Av. Henrriquez N° 523;COPIAPO;III - Atacama;0;NUEVA ATACAMA;Abierto;Copiapó;CONVENIO;UNI
16;Arturo Prat 2350;VALLENAR II;III - Atacama;0;NUEVA ATACAMA;Abierto;Vallenar;TERMINADO;UNI
17;Los Alamos 580;LOS ALAMOS;IV - Coquimbo;2643;AGUAS DEL VALLE S A;Abierto;Coquimbo;TERMINADO;UNI
18;Ohiggins 115;EL SALVADOR;III - Atacama;0;NUEVA ATACAMA;Abierto;Diego De Almagro;SIN CONVENIO;UNI
19;Huamachuco 8481;BONILLA;II - Antofagasta;0;AGUAS DE ANTOFAGASTA S A;Abierto;Antofagasta;SIN CONVENIO;UNI
20;Gabriela Mistral 602;BARQUITO;III - Atacama;0;NUEVA ATACAMA;Abierto;Chañaral;SIN CONVENIO;UNI
21;Tangue 36;TANGUE;IV - Coquimbo;0;AGUAS DEL VALLE S A;Abierto;Ovalle;SIN CONVENIO;UNI
22;Los Carreras 2242;ATACAMA;III - Atacama;2666;NUEVA ATACAMA;Abierto;Copiapó;CONVENIO;UNI
23;Los Carrera 479;LOS CARRERAS;III - Atacama;0;NUEVA ATACAMA;Abierto;Copiapó;SIN CONVENIO;UNI
24;Los Carreras  586;CHACABUCO;III - Atacama;0;NUEVA ATACAMA;Abierto;Copiapó;SIN CONVENIO;UNI
25;Av. Palomar 1525;EL PALOMAR;III - Atacama;3868;NUEVA ATACAMA;Abierto;Copiapó;TERMINADO;UNI
26;Jose Santos Ossa 2421;SANTOS OSSA;II - Antofagasta;0;AGUAS DE ANTOFAGASTA S A;Cerrado;Antofagasta;SIN CONVENIO;UNI
27;Av. Santos Ossa 2350;PAMPINO;II - Antofagasta;0;AGUAS DE ANTOFAGASTA S A;Abierto;Antofagasta;SIN CONVENIO;UNI
28;Av. Jose Miguel Carrera 1527;PARQUE;II - Antofagasta;0;AGUAS DE ANTOFAGASTA S A;Abierto;Antofagasta;SIN CONVENIO;UNI
29;Av. Angamos 0159;GRAN VIA;II - Antofagasta;0;AGUAS DE ANTOFAGASTA S A;Abierto;Antofagasta;SIN CONVENIO;UNI
30;Balmaceda 1350;BALMACEDA;IV - Coquimbo;0;AGUAS DEL VALLE S A;Abierto;La Serena;SIN CONVENIO;UNI
32;Chacabuco Nº 231;CHAÑARCILLO;III - Atacama;0;NUEVA ATACAMA;Abierto;Copiapó;CONVENIO;UNI
33;Av. Argentina 1910;COVIEFI;II - Antofagasta;0;AGUAS DE ANTOFAGASTA S A;Abierto;Antofagasta;SIN CONVENIO;UNI
34;Pedro Aguirre Cerda 8700;LA CHIMBA;II - Antofagasta;0;AGUAS DE ANTOFAGASTA S A;Abierto;Antofagasta;SIN CONVENIO;UNI
35;Av. Ambrosio Ohiggins 1920;CURACAVÍ I;RM - Santiago;0;AGUAS ANDINAS S.A.;Abierto;Curacaví;SIN CONVENIO;UNI
36;Arturo Prat 681;LAMPA;RM - Santiago;0;AGUAS ANDINAS S.A.;Cerrado;Lampa;SIN CONVENIO;UNI
41;Ignacio Carrera Pinto 3857;IGNACIO CARRERA PINTO;RM - Santiago;0;AGUAS ANDINAS S.A.;Abierto;Ñuñoa;SIN CONVENIO;UNI
43;Av. Francia 640;BATUCO;RM - Santiago;0;AGUAS ANDINAS S.A.;Abierto;Lampa;SIN CONVENIO;UNI
44;Av. Las Rejas Sur 1279;LAS REJAS;RM - Santiago;0;SMAPA;Cerrado;Estacion Central;SIN CONVENIO;UNI
45;Av. 2 Transversal 4090;2° TRANSVERSAL MAIPU;RM - Santiago;0;SMAPA;Abierto;Maipú;SIN CONVENIO;UNI
46;Granaderos 3180;CALAMA I;II - Antofagasta;3035;AGUAS DE ANTOFAGASTA S A;Abierto;Calama;SIN CONVENIO;UNI
47;Ignacio Carrera Pinto 909;PLAZA;II - Antofagasta;0;AGUAS DE ANTOFAGASTA S A;Abierto;Antofagasta;SIN CONVENIO;UNI
48;Carlos Oviedo Cavada 5319;OVIEDO CAVADA;II - Antofagasta;0;AGUAS DE ANTOFAGASTA S A;Abierto;Antofagasta;SIN CONVENIO;UNI
49;Av. Vic. Mackenna  9090;VICUÑA P19;RM - Santiago;0;AGUAS ANDINAS S.A.;Abierto;La Florida;SIN CONVENIO;UNI
50;Constitucion 515;ILLAPEL I;IV - Coquimbo;0;AGUAS DEL VALLE S A;Abierto;Illapel;SIN CONVENIO;UNI
51;O'Higgins 34;QUILLOTA I;V - Valparaiso;0;ESVAL S.A.;Abierto;Quillota;SIN CONVENIO;UNI
53;Portus 1248;SAN FELIPE;V - Valparaiso;0;ESVAL S.A.;Abierto;San Felipe;SIN CONVENIO;UNI
54;Yerbas Buenas 460;LOS ANDES;V - Valparaiso;0;ESVAL S.A.;Abierto;Los Andes;SIN CONVENIO;UNI
56;Av. Los Halcones 2180;LARAPINTA;RM - Santiago;0;AGUAS ANDINAS S.A.;Abierto;Lampa;SIN CONVENIO;UNI
58;Av. Concha Y Toro N°3193;CONCHA Y TORO;RM - Santiago;0;AGUAS ANDINAS S.A.;Abierto;Puente Alto;SIN CONVENIO;UNI
59;Independencia 0104;ILLAPEL II;IV - Coquimbo;0;AGUAS DEL VALLE S A;Abierto;Illapel;SIN CONVENIO;UNI
60;Caupolican 584;LOS VILOS;IV - Coquimbo;0;AGUAS DEL VALLE S A;Abierto;Los Vilos;SIN CONVENIO;UNI
61;Av. Padre Hurtado 13694;SAN BERNARDO I;RM - Santiago;0;AGUAS ANDINAS S.A.;Cerrado;San Bernardo;SIN CONVENIO;UNI
62;Gonzalo Bulnes 2407;CARRASCAL;RM - Santiago;0;AGUAS ANDINAS S.A.;Abierto;Quinta Normal;SIN CONVENIO;UNI
63;Av. Rinconada 1900;RINCONADA;RM - Santiago;0;SMAPA;Cerrado;Maipú;SIN CONVENIO;UNI
64;San Francisco 2265;FRANKLIN;RM - Santiago;0;AGUAS ANDINAS S.A.;Cerrado;Santiago;SIN CONVENIO;UNI
67;Constitucion 120;CASABLANCA;V - Valparaiso;0;ESVAL S.A.;Abierto;Casablanca;SIN CONVENIO;UNI
68;Balmaceda 280;BUIN;RM - Santiago;0;AGUAS ANDINAS S.A.;Abierto;Buin;SIN CONVENIO;UNI
70;Anibal Pinto 143;LOTA I;VIII - Biobío;0;ESSBIO S.A.;Cerrado;Lota;SIN CONVENIO;UNI
71;Freire 699;PENCO;VIII - Biobío;0;ESSBIO S.A.;Abierto;Penco;SIN CONVENIO;UNI
72;Manuel Montt 1251;TOME;VIII - Biobío;0;ESSBIO S.A.;Cerrado;Tomé;SIN CONVENIO;UNI
73;Bilbao 200;TALCAHUANO;VIII - Biobío;0;ESSBIO S.A.;Cerrado;Talcahuano;SIN CONVENIO;UNI
74;Las Araucarias 295;HIGUERAS;VIII - Biobío;0;ESSBIO S.A.;Abierto;Talcahuano;SIN CONVENIO;UNI
75;Tucapel 1313;CONCEPCION II;VIII - Biobío;0;ESSBIO S.A.;Abierto;Concepción;SIN CONVENIO;UNI
76;M. Montt 501;CORONEL;VIII - Biobío;0;ESSBIO S.A.;Abierto;Coronel;SIN CONVENIO;UNI
77;Pedro Aguirre Cerda 684;LOTA II;VIII - Biobío;0;ESSBIO S.A.;Abierto;Lota;SIN CONVENIO;UNI
78;Los Lleuques 1540;BELLAVISTA;VIII - Biobío;0;ESSBIO S.A.;Abierto;Concepción;SIN CONVENIO;UNI
79;Manuel Rodriguez 785;CHIGUAYANTE;VIII - Biobío;0;ESSBIO S.A.;Abierto;Chiguayante;SIN CONVENIO;UNI
80;Av. O'Higgins 1257;ANGOL I;IX - Araucanía;0;AGUAS ARAUCANIA S A;Abierto;Angol;SIN CONVENIO;UNI
81;Los Mañios 7045;LOMAS COLORADAS;VIII - Biobío;0;ESSBIO S.A.;Abierto;San Pedro de la Paz;SIN CONVENIO;UNI
82;Miraflores 242;ALTO JAHUEL;RM - Santiago;0;AGUAS ANDINAS S.A.;Abierto;Buin;SIN CONVENIO;UNI
85;Amunategui 902;AMUNATEGUI;I - Tarapacá;0;AGUAS DEL ALTIPLANO S.A.;Abierto;Iquique;CONVENIO;UNI
86;Fco.Bilbao 3545;BILBAO;I - Tarapacá;4049;AGUAS DEL ALTIPLANO S.A.;Abierto;Iquique;CONVENIO;UNI
87;M. Rodriguez 964;JUAN MARTINEZ;I - Tarapacá;0;AGUAS DEL ALTIPLANO S.A.;Abierto;Iquique;CONVENIO;UNI
88;Maipu Nº 556;LINARES I;VII - Maule;0;NUEVOSUR S.A.;Abierto;Linares;SIN CONVENIO;UNI
90;Av. Januario Espinoza 985;LINARES II;VII - Maule;0;NUEVOSUR S.A.;Cerrado;Linares;SIN CONVENIO;UNI
91;Comercio 310;COMBARBALA;IV - Coquimbo;0;AGUAS DEL VALLE S A;Abierto;Combarbalá;SIN CONVENIO;UNI
92;Republica 342;LIMACHE;V - Valparaiso;0;ESVAL S.A.;Abierto;Limache;SIN CONVENIO;UNI
93;Manuel Rodriguez 954;SAN FERNANDO II;VI - O'Higgins;0;ESSBIO S.A.;Abierto;San Fernando;SIN CONVENIO;UNI
96;"Avenida Bernardo O""Higgins 601";SAN FERNANDO I;VI - O'Higgins;0;ESSBIO S.A.;Abierto;San Fernando;SIN CONVENIO;UNI
97;Manuel Bulnes 677;SALAMANCA;IV - Coquimbo;0;AGUAS DEL VALLE S A;Abierto;Salamanca;SIN CONVENIO;UNI
103;Vivar 786;VIVAR;I - Tarapacá;4420;AGUAS DEL ALTIPLANO S.A.;Abierto;Iquique;CONVENIO;UNI
104;Av. Pérez Opazo 3165;ALTO HOSPICIO;I - Tarapacá;0;AGUAS DEL ALTIPLANO S.A.;Cerrado;Alto Hospicio;SIN CONVENIO;UNI
105;Tarapaca 579;IQUIQUE CENTRO;I - Tarapacá;4051;AGUAS DEL ALTIPLANO S.A.;Abierto;Iquique;TERMINADO;UNI
106;Santiago Polanco 2251;LOS MOLLES;I - Tarapacá;4050;AGUAS DEL ALTIPLANO S.A.;Abierto;Iquique;CONVENIO;UNI
107;Benavente 221;BENAVENTE;IV - Coquimbo;0;AGUAS DEL VALLE S A;Abierto;Ovalle;SIN CONVENIO;UNI
109;21 Mayo 1704;TOCOPILLA I;II - Antofagasta;0;AGUAS DE ANTOFAGASTA S A;Abierto;Tocopilla;SIN CONVENIO;UNI
110;POLICARPO TORO S/N;TOCOPILLA II;II - Antofagasta;0;AGUAS DE ANTOFAGASTA S A;Abierto;Tocopilla;SIN CONVENIO;UNI
111;Aconcagua 2588;CALAMA II;II - Antofagasta;2966;AGUAS DE ANTOFAGASTA S A;Abierto;Calama;SIN CONVENIO;UNI
321;Avenida Vitacura 4607;VITACURA;RM - Santiago;0;AGUAS ANDINAS S.A.;Cerrado;Vitacura;SIN CONVENIO;UNI
323;Av. Serafín Zamora 127;VICUÑA MACKENNA;RM - Santiago;0;AGUAS ANDINAS S.A.;Cerrado;La Florida;SIN CONVENIO;UNI
324;Miguel Ramirez 1420;MACHALI;VI - O'Higgins;0;ESSBIO S.A.;Abierto;Rancagua;SIN CONVENIO;UNI
325;Av. Irarrázaval 4354;IRARRAZAVAL;RM - Santiago;0;AGUAS ANDINAS S.A.;Abierto;Ñuñoa;SIN CONVENIO;UNI
326;Apoquindo 4335;ESCUELA MILITAR;RM - Santiago;0;AGUAS ANDINAS S.A.;Abierto;Las Condes;SIN CONVENIO;UNI
327;Manquehue 1700;MANQUEHUE;RM - Santiago;0;AGUAS ANDINAS S.A.;Abierto;Las Condes;SIN CONVENIO;UNI
328;Avenida Jose Miguel Carrera 5485;GRAN AVENIDA I;RM - Santiago;0;AGUAS ANDINAS S.A.;Abierto;San Miguel;SIN CONVENIO;UNI
330;Apoquindo 2770;PROVIDENCIA;RM - Santiago;0;AGUAS ANDINAS S.A.;Cerrado;Las Condes;SIN CONVENIO;UNI
331;Av. Portugal 56;DIEGO PORTALES;RM - Santiago;0;AGUAS ANDINAS S.A.;Abierto;Santiago;SIN CONVENIO;UNI
332;1 Norte 869;1 NORTE;V - Valparaiso;0;ESVAL S.A.;Abierto;Viña Del Mar;SIN CONVENIO;UNI
333;Gral. Jose Artigas 3250;LOS LEONES;RM - Santiago;0;AGUAS ANDINAS S.A.;Abierto;Ñuñoa;SIN CONVENIO;UNI
335;Santa Maria 6940;SANTA MARIA;RM - Santiago;0;AGUAS MANQUEHUE SA;Abierto;Vitacura;SIN CONVENIO;UNI
336;CHACABUCO 70;CONCEPCION I;VIII - Biobío;0;ESSBIO S.A.;Abierto;Concepción;SIN CONVENIO;UNI
340;Principe De Gales 7271;PRINCIPE DE GALES;RM - Santiago;0;AGUAS ANDINAS S.A.;Abierto;La Reina;SIN CONVENIO;UNI
343;4 Poniente 630;4 PONIENTE;V - Valparaiso;0;ESVAL S.A.;Abierto;Viña Del Mar;SIN CONVENIO;UNI
344;Estado 43;CURICO ALAMEDA;VII - Maule;4530;NUEVOSUR S.A.;Abierto;Curicó;SIN CONVENIO;UNI
345;Av. Collin 866;CHILLAN;XVI - Ñuble;0;ESSBIO S.A.;Abierto;Chillán;SIN CONVENIO;UNI
346;Fco Salazar 01650;TEMUCO;IX - Araucanía;0;AGUAS ARAUCANIA S A;Cerrado;Temuco;SIN CONVENIO;UNI
347;Av. Silva Carvallo 1414;SILVA CARVALLO;RM - Santiago;0;SMAPA;Abierto;Maipú;SIN CONVENIO;UNI
352;Obispo Orrego 1250;VILLA OLIMPICA;RM - Santiago;0;AGUAS ANDINAS S.A.;Abierto;Ñuñoa;SIN CONVENIO;UNI
353;Salomon Sack351Indep;JUAN ANTONIO RIOS;RM - Santiago;0;AGUAS ANDINAS S.A.;Abierto;Independencia;SIN CONVENIO;UNI
354;Av. Santa Rosa 8002;SANTA ROSA;RM - Santiago;0;AGUAS ANDINAS S.A.;Cerrado;La Granja;SIN CONVENIO;UNI
355;Manuel Montt 1097;MANUEL MONTT;RM - Santiago;0;AGUAS ANDINAS S.A.;Abierto;Providencia;SIN CONVENIO;UNI
357;Grecia 320;GRECIA;RM - Santiago;0;AGUAS ANDINAS S.A.;Abierto;Ñuñoa;SIN CONVENIO;UNI
360;Av. Pajaritos 1529;RAMON FREIRE;RM - Santiago;0;SMAPA;Cerrado;Maipú;SIN CONVENIO;UNI
362;Vitacura 8400;LAS TRANQUERAS;RM - Santiago;0;AGUAS CORDILLERA S.A.;Abierto;Vitacura;SIN CONVENIO;UNI
365;Arturo Prat 54;PANGUIPULLI II;XIV - Los Ríos;0;AGUAS DECIMA S A;Cerrado;Panguipulli;SIN CONVENIO;UNI
366;Geronimo De Alderete  697;VILLARRICA;IX - Araucanía;0;AGUAS ARAUCANIA S A;Abierto;Villarrica;SIN CONVENIO;UNI
368;Anibal Pinto 540;PICHILEMU;VI - O'Higgins;0;ESSBIO S.A.;Cerrado;Pichilemu;SIN CONVENIO;UNI
370;Matta 575;SAN CARLOS;XVI - Ñuble;0;ESSBIO S.A.;Cerrado;San Carlos;SIN CONVENIO;UNI
371;Pedro Aguirre Cerda 430;ANGOL II;IX - Araucanía;0;AGUAS ARAUCANIA S A;Cerrado;Angol;SIN CONVENIO;UNI
372;Lautaro 551;ANGOL III;IX - Araucanía;0;AGUAS ARAUCANIA S A;Cerrado;Angol;SIN CONVENIO;UNI
373;21 De Mayo 1400;VICTORIA II;IX - Araucanía;0;AGUAS ARAUCANIA S A;Cerrado;Victoria;SIN CONVENIO;UNI
374;San Martin 560;NACIMIENTO;VIII - Biobío;0;ESSBIO S.A.;Abierto;Nacimiento;SIN CONVENIO;UNI
375;Arauco 697;ARAUCO;XIV - Los Ríos;3420;AGUAS DECIMA S A;Abierto;Valdivia;CONVENIO;UNI
376;Bombero Classing 204;LAS ANIMAS;XIV - Los Ríos;0;AGUAS DECIMA S A;Abierto;Valdivia;SIN CONVENIO;UNI
377;Picarte 2593;PICARTE;XIV - Los Ríos;0;AGUAS DECIMA S A;Cerrado;Valdivia;SIN CONVENIO;UNI
390;;MONTSERRAT PUENTE ALTO;RM - Santiago;0;AGUAS ANDINAS S.A.;Proyecto;;SIN CONVENIO;UNI
392;"Av. O"" Higgins 1689";CURACAVI II;RM - Santiago;0;AGUAS ANDINAS S.A.;Cerrado;Curacaví;SIN CONVENIO;UNI
393;Guanaco 4480;GUANACO;RM - Santiago;0;AGUAS ANDINAS S.A.;Cerrado;Conchalí;SIN CONVENIO;UNI
394;Zapadores 1320;ZAPADORES;RM - Santiago;0;AGUAS ANDINAS S.A.;Cerrado;Conchalí;SIN CONVENIO;UNI
395;Av. Las Parcelas 9001;LAS PARCELAS;RM - Santiago;0;AGUAS ANDINAS S.A.;Cerrado;Peñalolén;SIN CONVENIO;UNI
396;Estrella De Chile 169;QUINTERO;V - Valparaiso;0;ESVAL S.A.;Abierto;Quintero;SIN CONVENIO;UNI
398;Vial 224;CONSTITUCIÓN I;VII - Maule;0;NUEVOSUR S.A.;Abierto;Constitución;SIN CONVENIO;UNI
400;Av. Peru 735, Local 12;AV. PERÚ;RM - Santiago;0;AGUAS ANDINAS S.A.;Abierto;Recoleta;SIN CONVENIO;UNI
402;Avenida 5 Norte N°3615;TALCA 5 NORTE;VII - Maule;0;NUEVOSUR S.A.;Abierto;Talca;SIN CONVENIO;UNI
404;Av. Monjitas Oriente 2706;CIRCUNVALACIÓN;IV - Coquimbo;0;AGUAS DEL VALLE S A;Abierto;La Serena;SIN CONVENIO;UNI
405;AV. Francia 1701 Local 1, Osorno;OSORNO FRANCIA;X - Los Lagos;0;SURALIS;Abierto;Osorno;SIN CONVENIO;UNI
408;Ruta 66, Esquina Casas de la Boca s/n;UNIMARC SANTO DOMINGO II;V - Valparaiso;0;COOPAGUA;Abierto;Santo Domingo;SIN CONVENIO;UNI
413;Padre Nelson Aguilar N 480, Local 1, Localidad Los Muermos;LOS MUERMOS;X - Los Lagos;0;SURALIS;Abierto;Puerto Montt;SIN CONVENIO;UNI
441;Carrera  1500;AYSEN;XI - Aysén;0;AGUAS PATAGONIA;Abierto;Aysén;SIN CONVENIO;UNI
442;Lautaro 331;COYHAIQUE;XI - Aysén;1320;AGUAS PATAGONIA;Abierto;Coyhaique;SIN CONVENIO;UNI
445;Av. Valparaiso 1982;VILLA ALEMANA;V - Valparaiso;0;ESVAL S.A.;Abierto;Villa Alemana;SIN CONVENIO;UNI
457;Lautaro Navarro 1293;LAUTARO NAVARRO AUSTRAL;XII - Magallanes;0;AGUAS MAGALLANES S.A.;Abierto;Punta Arenas;SIN CONVENIO;UNI
458;Av. España 01375;ESPAÑA AUSTRAL;XII - Magallanes;1306;AGUAS MAGALLANES S.A.;Abierto;Punta Arenas;SIN CONVENIO;UNI
459;Salvador Allende 0399;ALLENDE AUSTRAL;XII - Magallanes;3735;AGUAS MAGALLANES S.A.;Abierto;Punta Arenas;SIN CONVENIO;UNI
460;Calle Chiloe 855;CHILOE AUSTRAL;XII - Magallanes;0;AGUAS MAGALLANES S.A.;Cerrado;Punta Arenas;SIN CONVENIO;UNI
461;Capitan Guillermo 05;ZENTENO AUSTRAL;XII - Magallanes;3736;AGUAS MAGALLANES S.A.;Abierto;Punta Arenas;SIN CONVENIO;UNI
462;AV.FREI  770;COFRIMA;XII - Magallanes;0;AGUAS MAGALLANES S.A.;Proyecto;Punta Arenas;SIN CONVENIO;UNI
463;Gobernador Bories 647;BORIES AUSTRAL;XII - Magallanes;3739;AGUAS MAGALLANES S.A.;Abierto;Punta Arenas;SIN CONVENIO;UNI
464;Pedro Aguirre Cerda 0413;AGUIRRE CERDA AUSTRAL;XII - Magallanes;0;AGUAS MAGALLANES S.A.;Abierto;Punta Arenas;SIN CONVENIO;UNI
465;Bulnes 742;PUERTO NATALES;XII - Magallanes;1133;AGUAS MAGALLANES S.A.;Abierto;Puerto Natales;SIN CONVENIO;UNI
466;San Martin 147;QUILLOTA III;V - Valparaiso;0;ESVAL S.A.;Abierto;Quillota;SIN CONVENIO;UNI
468;Av. Brasil 1479;VALPARAISO;V - Valparaiso;0;ESVAL S.A.;Cerrado;Valparaíso;SIN CONVENIO;UNI
469;Manquehue Norte 457;LOS MILITARES;RM - Santiago;0;AGUAS CORDILLERA S.A.;Abierto;Las Condes;SIN CONVENIO;UNI
471;Carlos Richter 201;FRUTILLAR;X - Los Lagos;0;SURALIS;Cerrado;Frutillar;SIN CONVENIO;UNI
472;Batallon Atacama 319;CALDERA I;III - Atacama;0;NUEVA ATACAMA;Abierto;Caldera;CONVENIO;UNI
473;Cousiño 187;CALDERA II;III - Atacama;0;NUEVA ATACAMA;Cerrado;Caldera;SIN CONVENIO;UNI
474;5 De Abril 754;CHILLAN II;XVI - Ñuble;0;ESSBIO S.A.;Abierto;Chillán;SIN CONVENIO;UNI
475;Estado 85;ESTADO;RM - Santiago;0;AGUAS ANDINAS S.A.;Abierto;Santiago;SIN CONVENIO;UNI
476;Bilbao 2050;FRANCISCO BILBAO;RM - Santiago;0;AGUAS ANDINAS S.A.;Abierto;Providencia;SIN CONVENIO;UNI
477;Obispo Valdes 1170;CURAUMA;V - Valparaiso;2721;ESVAL S.A.;Abierto;Valparaíso;SIN CONVENIO;UNI
478;Av. Las Brisas 11;LAS BRISAS SANTO DOMINGO;V - Valparaiso;0;ESVAL S.A.;Cerrado;Santo Domingo;SIN CONVENIO;UNI
481;Av. Dorsal 3100;DORSAL;RM - Santiago;0;AGUAS ANDINAS S.A.;Abierto;Conchalí;SIN CONVENIO;UNI
482;Av. Jorge Guerra 16190;ABRAZO DE MAIPU;RM - Santiago;0;SMAPA;Abierto;Maipú;SIN CONVENIO;UNI
483;Av. El Golf 06;SANTO DOMINGO;V - Valparaiso;0;ESVAL S.A.;Abierto;Santo Domingo;SIN CONVENIO;UNI
484;Inmaculada Concepción 301, Llo lleo;LLO LLEO;V - Valparaiso;0;ESVAL S.A.;Cerrado;San Antonio;SIN CONVENIO;UNI
485;Jose Narcizo Aguirre 017;EL QUISCO;V - Valparaiso;0;ESVAL S.A.;Abierto;El Quisco;SIN CONVENIO;UNI
486;Av. El Canal 19591;CIUDAD DE LOS VALLES;RM - Santiago;0;AGUAS ANDINAS S.A.;Abierto;Pudahuel;SIN CONVENIO;UNI
510;Av. Camilo Henriquez 445;CAMILO HENRIQUEZ I;VII - Maule;0;NUEVOSUR S.A.;Abierto;Curicó;SIN CONVENIO;UNI
511;Av. Camilo Henriquez 655;CAMILO HENRIQUEZ II;VII - Maule;0;NUEVOSUR S.A.;Abierto;Curicó;SIN CONVENIO;UNI
512;Luis Cruz Martinez 1314;MOLINA I;VII - Maule;0;NUEVOSUR S.A.;Abierto;Molina;SIN CONVENIO;UNI
513;Av. Comalle 50;TENO;VII - Maule;0;NUEVOSUR S.A.;Abierto;Teno;SIN CONVENIO;UNI
515;Catedral 215;CAUQUENES;VII - Maule;0;NUEVOSUR S.A.;Abierto;Cauquenes;SIN CONVENIO;UNI
516;Oñederra 691;CONSTITUCION II;VII - Maule;0;NUEVOSUR S.A.;Cerrado;Constitución;SIN CONVENIO;UNI
517;Arturo Prat 733;CURICO TERMINAL;VII - Maule;0;NUEVOSUR S.A.;Abierto;Curicó;SIN CONVENIO;UNI
518;Balmaceda Nº389 ;LONCOCHE;IX - Araucanía;0;AGUAS ARAUCANIA S A;Abierto;Loncoche;SIN CONVENIO;UNI
519;Santa Cruz 1170;TRAIGUEN;IX - Araucanía;0;AGUAS ARAUCANIA S A;Abierto;Traiguén;CONVENIO;UNI
520;Av. España 414;AV. ESPAÑA;VII - Maule;0;NUEVOSUR S.A.;Abierto;Curicó;SIN CONVENIO;UNI
521;Cruz 233;COLLIPULLI;IX - Araucanía;0;AGUAS ARAUCANIA S A;Abierto;Collipulli;SIN CONVENIO;UNI
522;Libertad 299;LANCO;XIV - Los Ríos;0;AGUAS DECIMA S A;Cerrado;Lanco;SIN CONVENIO;UNI
523;Jose Puchi 1100;SAN JOSE;XIV - Los Ríos;0;SURALIS;Cerrado;Mariquina;SIN CONVENIO;UNI
524;Av. Colon 890;AV. COLON;VII - Maule;0;NUEVOSUR S.A.;Cerrado;Curicó;SIN CONVENIO;UNI
525;"O""Higgins 630";LAUTARO;IX - Araucanía;0;AGUAS ARAUCANIA S A;Abierto;Lautaro;SIN CONVENIO;UNI
526;Bilbao 472 ;PITRUFQUEN;IX - Araucanía;0;AGUAS ARAUCANIA S A;Abierto;Pitrufquen;SIN CONVENIO;UNI
527;Ramon Sanfurgo 66;SANTA CRUZ;VI - O'Higgins;0;ESSBIO S.A.;Cerrado;Santa Cruz;SIN CONVENIO;UNI
528;Quechereguas 1916;MOLINA EXPRESS;VII - Maule;0;NUEVOSUR S.A.;Cerrado;Molina;SIN CONVENIO;UNI
529;Arturo Prat 246;NUEVA IMPERIAL;IX - Araucanía;0;AGUAS ARAUCANIA S A;Abierto;Nueva Imperial;SIN CONVENIO;UNI
530;Pedro De Valdivia 46;CARAHUE;IX - Araucanía;0;AGUAS ARAUCANIA S A;Cerrado;Carahue;SIN CONVENIO;UNI
531;Anibal Pinto 777;MULCHEN;VIII - Biobío;0;ESSBIO S.A.;Abierto;Mulchen;SIN CONVENIO;UNI
532;"O""Higgins 515";CURACAUTIN;IX - Araucanía;0;AGUAS ARAUCANIA S A;Abierto;Curacautin;CONVENIO;UNI
534;Comercio 657;RIO BUENO;XIV - Los Ríos;0;AGUAS DECIMA S A;Cerrado;Rio Bueno;SIN CONVENIO;UNI
535;Doctor Salinas 115;RANCAGUA;VI - O'Higgins;0;ESSBIO S.A.;Abierto;Rancagua;SIN CONVENIO;UNI
536;Av. Luis Cruz Martinez 2016;MOLINA II;VII - Maule;0;NUEVOSUR S.A.;Abierto;Molina;SIN CONVENIO;UNI
537;Pisagua 1354;VICTORIA I;IX - Araucanía;0;AGUAS ARAUCANIA S A;Abierto;Victoria;CONVENIO;UNI
538;Jose Miguel Carrera 325;LAS CABRAS;VI - O'Higgins;0;ESSBIO S.A.;Abierto;Las Cabras;SIN CONVENIO;UNI
540;Pedro De Valdivia 266;PANGUIPULLI I;XIV - Los Ríos;0;AGUAS DECIMA S A;Cerrado;Panguipulli;SIN CONVENIO;UNI
541;Balmaceda Norte Numero 79;LOS LAGOS I;XIV - Los Ríos;0;SURALIS;Abierto;Los Lagos;SIN CONVENIO;UNI
542;Quinchilca 334;LOS LAGOS II;XIV - Los Ríos;0;SURALIS;Abierto;Los Lagos;SIN CONVENIO;UNI
543;Sarmiento 393;PEUMO;VI - O'Higgins;0;ESSBIO S.A.;Abierto;Peumo;SIN CONVENIO;UNI
544;Eleuterio Ramirez 549;PURRANQUE;X - Los Lagos;0;SURALIS;Abierto;Purranque;SIN CONVENIO;UNI
545;Av. Esperanza 138;SAGRADA FAMILIA;VII - Maule;0;NUEVOSUR S.A.;Abierto;Sagrada Familia;SIN CONVENIO;UNI
548;Alberdi  757;QUILLOTA II;V - Valparaiso;0;ESVAL S.A.;Cerrado;Quillota;SIN CONVENIO;UNI
549;Edwadrs 257;LLAY LLAY I;V - Valparaiso;0;ESVAL S.A.;Cerrado;Llay-Llay;SIN CONVENIO;UNI
550;Balmaceda 307;LLAY LLAY II;V - Valparaiso;0;ESVAL S.A.;Abierto;Llay-Llay;SIN CONVENIO;UNI
551;11 Oriente 1371;TALCA;VII - Maule;0;NUEVOSUR S.A.;Cerrado;Talca;SIN CONVENIO;UNI
552;Huamachuco 613;SAN CLEMENTE;VII - Maule;0;NUEVOSUR S.A.;Abierto;San Clemente;SIN CONVENIO;UNI
553;Carmen Larrain Nº 44;CHIMBARONGO;VI - O'Higgins;0;ESSBIO S.A.;Abierto;Chimbarongo;SIN CONVENIO;UNI
554;Armando Jaramillo Nª152;NANCAGUA;VI - O'Higgins;0;ESSBIO S.A.;Abierto;Nancagua;SIN CONVENIO;UNI
555;Obispo Rafael Lira 042;GRANEROS;VI - O'Higgins;4574;ESSBIO S.A.;Abierto;Graneros;SIN CONVENIO;UNI
556;Av. 7 De Abril 2069;LONTUE;VII - Maule;0;NUEVOSUR S.A.;Abierto;Molina;SIN CONVENIO;UNI
557;Av. Libertad 1124-B;ROMERAL;VII - Maule;0;NUEVOSUR S.A.;Abierto;Romeral;SIN CONVENIO;UNI
572;Arturo Prat 796;LA CALERA;V - Valparaiso;0;ESVAL S.A.;Cerrado;La Calera;SIN CONVENIO;UNI
573;Libertad 249;OVALLE I;IV - Coquimbo;0;AGUAS DEL VALLE S A;Abierto;Ovalle;SIN CONVENIO;UNI
574;Concepcion Nº 224;COLINA;RM - Santiago;0;AGUAS ANDINAS S.A.;Cerrado;Colina;SIN CONVENIO;UNI
575;Arturo Prat 364;ANCUD;X - Los Lagos;0;SURALIS;Cerrado;Ancud;SIN CONVENIO;UNI
576;O'Higgins 711;CASTRO I;X - Los Lagos;3875;SURALIS;Abierto;Castro;SIN CONVENIO;UNI
577;San Martin Nº 705;CASTRO II;X - Los Lagos;0;SURALIS;Cerrado;Castro;SIN CONVENIO;UNI
578;Delicias 06;ACHAO;X - Los Lagos;0;SURALIS;Abierto;Quinchao;SIN CONVENIO;UNI
579;Lord Cocharnne 556;OVALLE II;IV - Coquimbo;0;AGUAS DEL VALLE S A;Cerrado;Ovalle;SIN CONVENIO;UNI
580;San Pablo 8315;PUDAHUEL;RM - Santiago;0;AGUAS ANDINAS S.A.;Abierto;Pudahuel;SIN CONVENIO;UNI
581;Avda. Vicuña Mackenna 6331;MIRADOR;RM - Santiago;0;AGUAS ANDINAS S.A.;Abierto;La Florida;SIN CONVENIO;UNI
582;Cuevas, 483 Nivel -2;RANCAGUA MALL;VI - O'Higgins;0;ESSBIO S.A.;Cerrado;Rancagua;SIN CONVENIO;UNI
583;Balmaceda N° 1900;SAN JAVIER;VII - Maule;0;NUEVOSUR S.A.;Abierto;San Javier;SIN CONVENIO;UNI
584;Sargento Silva 751;SARGENTO SILVA;X - Los Lagos;0;SURALIS;Cerrado;Puerto Montt;SIN CONVENIO;UNI
585;Los Volcanes 585;LOS VOLCANES;X - Los Lagos;0;SURALIS;Abierto;Puerto Montt;SIN CONVENIO;UNI
586;Camino Buin Maipo 3147;BUIN MAIPO;RM - Santiago;0;AGUAS ANDINAS S.A.;Abierto;Buin;SIN CONVENIO;UNI
598;San Pablo 7171;LO PRADO;RM - Santiago;0;AGUAS ANDINAS S.A.;Cerrado;Lo Prado;SIN CONVENIO;UNI
599;Alfredo Silva Carvallo 730;SILVA CARVALLO II;RM - Santiago;0;AGUAS ANDINAS S.A.;Proyecto;Maipú;SIN CONVENIO;UNI
600;Ruta A16 3350;ALTO HOSPICIO II;I - Tarapacá;0;AGUAS DEL ALTIPLANO S.A.;Abierto;Alto Hospicio;SIN CONVENIO;UNI
601;Av. 8 Oriente 720;CHIGUAYANTE II;VIII - Biobío;0;ESSBIO S.A.;Abierto;Chiguayante;SIN CONVENIO;UNI
602;Cosme Churruca 75;LOMAS DE SAN ANDRES;VIII - Biobío;0;ESSBIO S.A.;Abierto;Concepción;SIN CONVENIO;UNI
603;Alameda  2215;REPUBLICA;RM - Santiago;0;AGUAS ANDINAS S.A.;Cerrado;Santiago;SIN CONVENIO;UNI
621;San Marcos 1027;EL TABO;V - Valparaiso;0;ESVAL S.A.;Abierto;El Tabo;SIN CONVENIO;UNI
622;Manzana 18  Zona Franca ;ZONA FRANCA I;XII - Magallanes;0;CARGA BCE ABU-GOSCH;Abierto;Punta Arenas;SIN CONVENIO;UNI
624;Av. Pte. Rios 672;PUCHUNCAVI;V - Valparaiso;0;ESVAL S.A.;Abierto;Puchuncaví;SIN CONVENIO;UNI
625;Calle Normandia 2680;QUINTERO II;V - Valparaiso;0;ESVAL S.A.;Abierto;Quintero;SIN CONVENIO;UNI
626;Santiago Del Apostol 4063;EL MILAGRO;IV - Coquimbo;0;AGUAS DEL VALLE S A;Abierto;La Serena;SIN CONVENIO;UNI
627;Av. Simpson 499;VALDIVIA;XIV - Los Ríos;0;AGUAS DECIMA S A;Cerrado;Valdivia;SIN CONVENIO;UNI
628;Casanova 306;CARTAGENA;V - Valparaiso;0;ESVAL S.A.;Abierto;Cartagena;SIN CONVENIO;UNI
629;Av Isidoro Dubornois 890;EL QUISCO II;V - Valparaiso;0;ESVAL S.A.;Proyecto;El Quisco;SIN CONVENIO;UNI
632;Saturnino Epulef 1117;VILLARRICA II;IX - Araucanía;0;AGUAS ARAUCANIA S A;Cerrado;Villarrica;SIN CONVENIO;UNI
633;Garcia Y Reyes S/N;CHIMBARONGO II;VI - O'Higgins;0;ESSBIO S.A.;Abierto;Chimbarongo;SIN CONVENIO;UNI
641;Chacabuco 302;VICUÑA;IV - Coquimbo;0;AGUAS DEL VALLE S A;Abierto;Vicuña;SIN CONVENIO;UNI
642;Los Notros N° 1272;LOS NOTROS;X - Los Lagos;0;SURALIS;Abierto;Puerto Montt;SIN CONVENIO;UNI
643;Longitudinal Sur 4251 - Parcela 11;LINDEROS;RM - Santiago;0;AGUAS ANDINAS S.A.;Abierto;Buin;SIN CONVENIO;UNI
644;Republica  391;RANCAGUA REPUBLICA;VI - O'Higgins;0;ESSBIO S.A.;Abierto;Rancagua;SIN CONVENIO;UNI
645;Av. Membrillar 10;MEMBRILLAR;VI - O'Higgins;84;ESSBIO S.A.;Abierto;Rancagua;SIN CONVENIO;UNI
646;Av. Eduardo Frei 0770;HORNILLAS;XII - Magallanes;0;AGUAS MAGALLANES S.A.;Cerrado;Punta Arenas;SIN CONVENIO;UNI
669;LO BARNECHEA 1393;TIENDA DUMMY UNI;RM - Santiago;0;AGUAS ANDINAS S.A.;Proyecto;Lo Barnechea;SIN CONVENIO;UNI
670;Padre Arteaga 1002;PADRE ARTEAGA;RM - Santiago;0;AGUAS ANDINAS S.A.;Cerrado;Lo Barnechea;SIN CONVENIO;UNI
671;Av. Las Condes 14791;LAS CONDES;RM - Santiago;0;AGUAS CORDILLERA S.A.;Abierto;Lo Barnechea;SIN CONVENIO;UNI
673;Latorre 2149;LA TORRE II;II - Antofagasta;0;AGUAS DE ANTOFAGASTA S A;Abierto;Calama;SIN CONVENIO;UNI
674;Brasilia 2386;BRASILIA;II - Antofagasta;0;AGUAS DE ANTOFAGASTA S A;Abierto;Calama;SIN CONVENIO;UNI
675;Av. Grecia 2314;GRECIA II;II - Antofagasta;0;AGUAS DE ANTOFAGASTA S A;Cerrado;Calama;SIN CONVENIO;UNI
681;AVDA 18 SEPTIEMBRE 2501;ROTONDA ARICA;XV - Arica y Parinacota;0;AGUAS DEL ALTIPLANO S.A.;Abierto;Arica;SIN CONVENIO;UNI
682;BALMACEDA 542;LA UNION;XIV - Los Ríos;0;AGUAS DECIMA S A;Proyecto;La Unión;SIN CONVENIO;UNI
683;Gran Av.6555;METRO LO OVALLE;RM - Santiago;0;AGUAS ANDINAS S.A.;Abierto;La Cisterna;SIN CONVENIO;UNI
684;Av. Carlos Richter 199;FRUTILLAR II;X - Los Lagos;0;SURALIS;Proyecto;Frutillar;SIN CONVENIO;UNI
685;Av. Alemania 610;LOS ANGELES SINAY;VIII - Biobío;0;ESSBIO S.A.;Abierto;Los Angeles;SIN CONVENIO;UNI
686;Avda. Kennedy 2235;RANCAGUA KENNEDY;VI - O'Higgins;0;ESSBIO S.A.;Abierto;Rancagua;SIN CONVENIO;UNI
702;Ortuzar 323;PICHILEMU II;VI - O'Higgins;0;ESSBIO S.A.;Cerrado;Pichilemu;SIN CONVENIO;UNI
703;Manuel Montt 398;CORONEL II;VIII - Biobío;0;ESSBIO S.A.;Abierto;Coronel;SIN CONVENIO;UNI
704;Los Notros 2961;LAGUNILLAS;VIII - Biobío;0;ESSBIO S.A.;Cerrado;Coronel;SIN CONVENIO;UNI
705;Maipu 2099;MAIPU;VIII - Biobío;0;ESSBIO S.A.;Cerrado;Concepción;SIN CONVENIO;UNI
706;Av. Collao 870;COLLAO;VIII - Biobío;0;ESSBIO S.A.;Cerrado;Concepción;SIN CONVENIO;UNI
707;Freire 800;PENCO II;VIII - Biobío;0;ESSBIO S.A.;Cerrado;Penco;SIN CONVENIO;UNI
708;Manuel Rodriguez 376;CHIGUAYANTE III;VIII - Biobío;0;ESSBIO S.A.;Cerrado;Chiguayante;SIN CONVENIO;UNI
709;Manuel Rodriguez 1500;MANQUIMAVIDA;VIII - Biobío;0;ESSBIO S.A.;Abierto;Chiguayante;SIN CONVENIO;UNI
710;Las Violetas 1782 (Ex 39);LOS HUERTOS;VIII - Biobío;0;ESSBIO S.A.;Abierto;San Pedro De La Paz;SIN CONVENIO;UNI
711;Manuel Montt 1255;TOME II;VIII - Biobío;0;ESSBIO S.A.;Cerrado;Tomé;SIN CONVENIO;UNI
712;Ignacio Serrano 500;SAN CARLOS II;XVI - Ñuble;0;ESSBIO S.A.;Abierto;San Carlos;SIN CONVENIO;UNI
713;Gomez Carreño 3875;GOMEZ CARREÑO;VIII - Biobío;0;ESSBIO S.A.;Abierto;Talcahuano;SIN CONVENIO;UNI
714;Etchevers Alto 594;ETCHEVERS;V - Valparaiso;0;ESVAL S.A.;Abierto;Viña Del Mar;SIN CONVENIO;UNI
715;Covadonga 391;ARAUCO II;VIII - Biobío;0;ESSBIO S.A.;Abierto;Arauco;SIN CONVENIO;UNI
716;Pedro Aguirre Cerda 602;LA VIOLETA;VIII - Biobío;0;ESSBIO S.A.;Abierto;Lota;SIN CONVENIO;UNI
717;Los Sargazos 1855;JARDIN DEL MAR;V - Valparaiso;0;ESVAL S.A.;Abierto;Viña Del Mar;SIN CONVENIO;UNI
718;Sargento Aldea 855;CHILLAN TERMINAL;XVI - Ñuble;0;ESSBIO S.A.;Cerrado;Chillán;SIN CONVENIO;UNI
719;Av. San Pedro 25;SAN PEDRO;VIII - Biobío;0;ESSBIO S.A.;Cerrado;San Pedro De La Paz;SIN CONVENIO;UNI
720;O'Higgins 101;CURANILAHUE;VIII - Biobío;0;ESSBIO S.A.;Abierto;Curanilahue;SIN CONVENIO;UNI
721;Carlos Palacios 151;BULNES;XVI - Ñuble;0;ESSBIO S.A.;Abierto;Bulnes;SIN CONVENIO;UNI
722;Bulnes 130;LEBU;VIII - Biobío;0;ESSBIO S.A.;Abierto;Lebu;SIN CONVENIO;UNI
723;Balmaceda 62;LAJA;VIII - Biobío;0;ESSBIO S.A.;Abierto;Laja;SIN CONVENIO;UNI
724;Ignacio Serrano 980;CARACOL;VIII - Biobío;0;ESSBIO S.A.;Abierto;Tomé;SIN CONVENIO;UNI
725;Cayumanqui 495;QUILLON;XVI - Ñuble;0;ESSBIO S.A.;Abierto;Quillón;SIN CONVENIO;UNI
726;Balmaceda 546;COIHUECO;XVI - Ñuble;0;ESSBIO S.A.;Abierto;Coihueco;SIN CONVENIO;UNI
727;Jose Donoso 65;JOSE DONOSO;VIII - Biobío;0;ESSBIO S.A.;Cerrado;San Pedro De La Paz;SIN CONVENIO;UNI
728;Pisagua 21;PISAGUA I;VI - O'Higgins;0;ESSBIO S.A.;Cerrado;Chimbarongo;SIN CONVENIO;UNI
729;Pisagua 24;PISAGUA II;VI - O'Higgins;0;ESSBIO S.A.;Cerrado;Chimbarongo;SIN CONVENIO;UNI
730;Manuel Rodriguez 1978;VITTORIO;VIII - Biobío;0;ESSBIO S.A.;Cerrado;Chiguayante;SIN CONVENIO;UNI
731;Av. Los Puelches 705;LOS PUELCHES;XVI - Ñuble;0;ESSBIO S.A.;Cerrado;Chillán;SIN CONVENIO;UNI
732;Esmeralda 211;YUNGAY;XVI - Ñuble;0;ESSBIO S.A.;Abierto;Yungay;SIN CONVENIO;UNI
733;"Avenida Bernardo O""Higgins 2305";CHILLAN VIEJO;XVI - Ñuble;0;ESSBIO S.A.;Abierto;Chillán Viejo;SIN CONVENIO;UNI
734;O'Higgins 620;YUMBEL;VIII - Biobío;0;ESSBIO S.A.;Abierto;Yumbel;SIN CONVENIO;UNI
735;General Cruz 380;CABRERO;VIII - Biobío;0;ESSBIO S.A.;Abierto;Cabrero;SIN CONVENIO;UNI
736;Juan Antonio Rios 3039;EL VOLCAN;VIII - Biobío;0;ESSBIO S.A.;Abierto;Coronel;SIN CONVENIO;UNI
737;La Araucana 490;HUALQUI;VIII - Biobío;0;ESSBIO S.A.;Abierto;Hualqui;SIN CONVENIO;UNI
738;Castellon 597;COELEMU;XVI - Ñuble;0;ESSBIO S.A.;Abierto;Coelemu;SIN CONVENIO;UNI
739;Manuel Rodriguez 3004;LEONERA;VIII - Biobío;0;ESSBIO S.A.;Cerrado;Chiguayante;SIN CONVENIO;UNI
740;Bulgaria 2818;HUALPEN;VIII - Biobío;0;ESSBIO S.A.;Abierto;Hualpén;SIN CONVENIO;UNI
741;Anibal Pinto 1828;ANIBAL PINTO;VIII - Biobío;0;ESSBIO S.A.;Cerrado;Concepción;SIN CONVENIO;UNI
742;Sargento Aldea 135;LIRQUEN;VIII - Biobío;0;ESSBIO S.A.;Cerrado;Penco;SIN CONVENIO;UNI
743;Caupolican 772;CONCEPCION III;VIII - Biobío;0;ESSBIO S.A.;Cerrado;Concepción;SIN CONVENIO;UNI
744;Los Carrera 1380;LOS ANGELES CARRERA;VIII - Biobío;0;ESSBIO S.A.;Abierto;Los Angeles;SIN CONVENIO;UNI
745;Avenida Pdte. Eduardo Frei 162;LOS LLEUQUES;VIII - Biobío;0;ESSBIO S.A.;Abierto;Cañete;SIN CONVENIO;UNI
746;Arturo Prat 500;HUEPIL;VIII - Biobío;0;ESSBIO S.A.;Abierto;Tucapel;SIN CONVENIO;UNI
747;Tucapel 285;SAN PEDRO DEL MAR;VIII - Biobío;0;ESSBIO S.A.;Abierto;San Pedro De La Paz;SIN CONVENIO;UNI
748;Av. Dos 35;PEÑUELAS;VIII - Biobío;0;ESSBIO S.A.;Abierto;Hualpén;SIN CONVENIO;UNI
749;Esmeralda 550;EL CARMEN;XVI - Ñuble;0;ESSBIO S.A.;Abierto;El Carmen;SIN CONVENIO;UNI
750;Saavedra 525;CAÑETE;VIII - Biobío;0;ESSBIO S.A.;Abierto;Cañete;SIN CONVENIO;UNI
751;ARTURO PRAT  70;RENGO;VI - O'Higgins;0;ESSBIO S.A.;Cerrado;Rengo;SIN CONVENIO;UNI
752;Anibal Pinto 72;TEMUCO II;IX - Araucanía;0;AGUAS ARAUCANIA S A;Abierto;Temuco;SIN CONVENIO;UNI
753;Anibal Pinto 72;TEMUCO III;IX - Araucanía;0;AGUAS ARAUCANIA S A;Cerrado;Temuco;SIN CONVENIO;UNI
754;Avenida Javiera Carrera 1610;TEMUCO IV;IX - Araucanía;0;AGUAS ARAUCANIA S A;Abierto;Temuco;CONVENIO;UNI
755;Av. Carlos Schorr Nº 265;TALCA II;VII - Maule;0;NUEVOSUR S.A.;Abierto;Talca;SIN CONVENIO;UNI
756;2 Sur 1953;TALCA III;VII - Maule;0;NUEVOSUR S.A.;Abierto;Talca;SIN CONVENIO;UNI
757;Patricio Lynch 2042;LYNCH;X - Los Lagos;0;SURALIS;Cerrado;Osorno;SIN CONVENIO;UNI
758;14 Sur 1310;TALCA IV;VII - Maule;0;NUEVOSUR S.A.;Abierto;Talca;SIN CONVENIO;UNI
759;Av. Alemania 100;PORTAL;VIII - Biobío;0;ESSBIO S.A.;Abierto;Los Angeles;SIN CONVENIO;UNI
760;Av. Colon 600;COLON;VIII - Biobío;0;ESSBIO S.A.;Abierto;Los Angeles;SIN CONVENIO;UNI
761;Marconi 1177;MARCONI;VIII - Biobío;0;ESSBIO S.A.;Abierto;Los Angeles;SIN CONVENIO;UNI
762;Jose Luis Osorio Nº95;ANGOL;IX - Araucanía;0;AGUAS ARAUCANIA S A;Cerrado;Angol;SIN CONVENIO;UNI
763;Juan Soler Manfredini 51;JUAN SOLER;X - Los Lagos;0;SURALIS;Abierto;Puerto Montt;SIN CONVENIO;UNI
764;Urmeneta 574;URMENETA;X - Los Lagos;0;SURALIS;Abierto;Puerto Montt;SIN CONVENIO;UNI
765;Diego Portales 1800;PORTALES;X - Los Lagos;0;SURALIS;Cerrado;Puerto Montt;SIN CONVENIO;UNI
766;Av. Gabriela Mistral S/N Alerce;ALERCE;X - Los Lagos;0;SURALIS;Abierto;Puerto Montt;SIN CONVENIO;UNI
767;Colo Colo 318;ANCUD III;X - Los Lagos;0;SURALIS;Abierto;Ancud;SIN CONVENIO;UNI
768;Lord Cochrane 646;COYHAIQUE II;XI - Aysén;0;AGUAS PATAGONIA;Cerrado;Coyhaique;SIN CONVENIO;UNI
769;Federico Errazuriz 211;CALBUCO;X - Los Lagos;0;SURALIS;Abierto;Calbuco;SIN CONVENIO;UNI
770;Av. Juan Ladrilleros 460;QUELLON II;X - Los Lagos;0;SURALIS;Abierto;Quellón;SIN CONVENIO;UNI
771;Av. La Cruz 2006;MIRASOL;X - Los Lagos;3723;SURALIS;Abierto;Puerto Montt;SIN CONVENIO;UNI
772;Av. Cuarta Terraza 5001;VALLE VOLCANES;X - Los Lagos;0;SURALIS;Cerrado;Puerto Montt;SIN CONVENIO;UNI
773;Baquedano 612;LLANQUIHUE;X - Los Lagos;0;SURALIS;Abierto;Llanquihue;SIN CONVENIO;UNI
774;Antonio Varas 991;ANTONIO VARAS;X - Los Lagos;0;SURALIS;Cerrado;Puerto Montt;SIN CONVENIO;UNI
775;Chillan 65;PUERTO MONTT III;X - Los Lagos;0;SURALIS;Abierto;Puerto Montt;SIN CONVENIO;UNI
776;Errazuriz 1040;VALDIVIA II;XIV - Los Ríos;0;AGUAS DECIMA S A;Cerrado;Valdivia;SIN CONVENIO;UNI
777;Patricio Lynch 1278;CENTRAL;X - Los Lagos;3684;SURALIS;Abierto;Osorno;CONVENIO;UNI
778;Julio Buschman 2223;ORIENTE;X - Los Lagos;2867;SURALIS;Abierto;Osorno;CONVENIO;UNI
779;Ramirez 699;BULNES II;X - Los Lagos;0;SURALIS;Abierto;Osorno;SIN CONVENIO;UNI
780;Victoria 367 Rahue Bajo;VICTORIA;X - Los Lagos;1362;SURALIS;Abierto;Osorno;SIN CONVENIO;UNI
781;Republica 690;REPUBLICA II;X - Los Lagos;0;SURALIS;Cerrado;Osorno;SIN CONVENIO;UNI
782;Yungay 420;YUNGAY VALDIVIA;XIV - Los Ríos;0;AGUAS DECIMA S A;Abierto;Valdivia;SIN CONVENIO;UNI
783;Barros Arana 1595;ZENTENO;X - Los Lagos;0;SURALIS;Cerrado;Osorno;SIN CONVENIO;UNI
784;Serrano  617;LA UNION II;XIV - Los Ríos;0;SURALIS;Abierto;La Unión;SIN CONVENIO;UNI
785;Comercio 650;COMERCIO;XIV - Los Ríos;0;AGUAS DECIMA S A;Cerrado;La Unión;SIN CONVENIO;UNI
786;Arturo Prat 688;PAILLACO;XIV - Los Ríos;0;SURALIS;Abierto;Paillaco;SIN CONVENIO;UNI
787;Pedro Lagos 593;RIO BUENO II;XIV - Los Ríos;0;SURALIS;Abierto;Rio Bueno;SIN CONVENIO;UNI
788;Pedro De Valdivia 115;PANGUIPULLI;XIV - Los Ríos;0;SURALIS;Abierto;Panguipulli;SIN CONVENIO;UNI
789;Arturo Alessandri 381;FRUTILLAR III;X - Los Lagos;0;SURALIS;Abierto;Frutillar;SIN CONVENIO;UNI
790;Rene Schneider 3722;VALDIVIA III;XIV - Los Ríos;0;AGUAS DECIMA S A;Cerrado;Valdivia;SIN CONVENIO;UNI
791;Av. Francia 2651;VALDIVIA IV;XIV - Los Ríos;0;AGUAS DECIMA S A;Abierto;Valdivia;SIN CONVENIO;UNI
797;Av. Brasil 7085;RENCA;RM - Santiago;0;AGUAS ANDINAS S.A.;Abierto;Renca;SIN CONVENIO;UNI
798;Padre Hurtado  03;MACHALI II;VI - O'Higgins;0;ESSBIO S.A.;Cerrado;Machalí;SIN CONVENIO;UNI
799;Valparaiso 681;VILLA ALEMANA II;V - Valparaiso;0;ESVAL S.A.;Cerrado;Villa Alemana;SIN CONVENIO;UNI
890;MIRAFLORES # 1185;PEÑAFLOR;RM - Santiago;0;AGUAS ANDINAS S.A.;Abierto;PEÑAFLOR;SIN CONVENIO;UNI
895;Av. Camino San José de Maipo, n° domiciliario 06355, local comercial C1;LAS VIZCACHAS;RM - Santiago;0;AGUAS ANDINAS S.A.;Abierto;Puente Alto;SIN CONVENIO;UNI
898;San Juan 1135 local 38 Machali;SAN JUAN DE MACHALI;VI - O'Higgins;0;ESSBIO S.A.;Abierto;Machali;SIN CONVENIO;UNI
900;Portales 114;CASABLANCA II;V - Valparaiso;0;ESVAL S.A.;Cerrado;Casablanca;SIN CONVENIO;UNI
901;Federico Errazuriz 572;CALBUCO II;X - Los Lagos;0;SURALIS;Abierto;Calbuco;SIN CONVENIO;UNI
902;Av. Valparaiso 899;VILLA ALEMANA III;V - Valparaiso;0;ESVAL S.A.;Abierto;Villa Alemana;SIN CONVENIO;UNI
903;Pedro Fontova 7626;HUECHURABA FONTOVA;RM - Santiago;0;AGUAS ANDINAS S.A.;Abierto;Huechuraba;SIN CONVENIO;UNI
904;Av. La Cruz 01000;RANCAGUA REPUBLICA II;VI - O'Higgins;0;ESSBIO S.A.;Cerrado;Rancagua;SIN CONVENIO;UNI
905;Vicuña Mackenna 7802;VICENTE VALDES;RM - Santiago;0;AGUAS ANDINAS S.A.;Abierto;La Florida;SIN CONVENIO;UNI
906;Avenida Caupolican 0191;TEMUCO CAUPOLICAN;IX - Araucanía;0;AGUAS ARAUCANIA S A;Abierto;Temuco;SIN CONVENIO;UNI
907;Bilbao 477;TALCAHUANO BILBAO;VIII - Biobío;0;ESSBIO S.A.;Abierto;Talcahuano;SIN CONVENIO;UNI
908;Camino Del Amanecer 1122;LOMAS SAN SEBASTIAN;VIII - Biobío;0;ESSBIO S.A.;Cerrado;Concepción;SIN CONVENIO;UNI
909;SAN MARTIN ( L147)  0675;TEMUCO SAN MARTIN;IX - Araucanía;0;AGUAS ARAUCANIA S A;Abierto;Temuco;SIN CONVENIO;UNI
910;Camino Melipilla 16850;MAIPU CAMINO MELIPILLA;RM - Santiago;0;SMAPA;Abierto;Maipú;SIN CONVENIO;UNI
911;4 Poniente 1197;MAIPU 4 PONIENTE;RM - Santiago;0;SMAPA;Abierto;Maipú;SIN CONVENIO;UNI
912;Rojas Magallanes 3638;ROJAS MAGALLANES;RM - Santiago;0;AGUAS ANDINAS S.A.;Abierto;La Florida;SIN CONVENIO;UNI
913;5 de Abril 864;CHILLAN IV;XVI - Ñuble;0;ESSBIO S.A.;Abierto;Chillán;SIN CONVENIO;UNI
914;Camino El Venado 1380;SAN PEDRO DE LA PAZ;VIII - Biobío;0;ESSBIO S.A.;Abierto;San Pedro De La Paz;SIN CONVENIO;UNI
915;Av. Parque Industrial 450;ROTONDA;X - Los Lagos;0;SURALIS;Abierto;Puerto Montt;SIN CONVENIO;UNI
916;Volcán Puntiagudo  100;PALOMA;X - Los Lagos;0;SURALIS;Abierto;Puerto Montt;SIN CONVENIO;UNI
917;Avenida Alcalde Delano 10497;LOS TRAPENSES;RM - Santiago;0;AGUAS ANDINAS S.A.;Abierto;Lo Barnechea;SIN CONVENIO;UNI
918;Jose Joaquin Perez 8045;CERRO NAVIA;RM - Santiago;0;AGUAS ANDINAS S.A.;Proyecto;Cerro Navia;SIN CONVENIO;UNI
919;Av. Concha y Toro 1208/1184;CONCHA Y TORO II;RM - Santiago;0;AGUAS ANDINAS S.A.;Proyecto;Puente Alto;SIN CONVENIO;UNI
920;Las Encinas 2690;BARRIO INGLES;IX - Araucanía;0;AGUAS ARAUCANIA S A;Abierto;Temuco;SIN CONVENIO;UNI
921;Manuel Antonio Matta 1050;MATTA QUILICURA;RM - Santiago;0;AGUAS ANDINAS S.A.;Proyecto;Quilicura;SIN CONVENIO;UNI
923;AV.STA. MARIA  2465;SANTA MARIA ARICA;XV - Arica y Parinacota;0;AGUAS DEL ALTIPLANO S.A.;Abierto;Arica;SIN CONVENIO;UNI
924;Tobalaba 11855;PEÑALOLEN;RM - Santiago;0;AGUAS ANDINAS S.A.;Cerrado;Peñalolén;SIN CONVENIO;UNI
925;Gabriela Mistral 900;PUERTO MONTT II;X - Los Lagos;0;SURALIS;Abierto;Puerto Montt;SIN CONVENIO;UNI
926;AV VITACURA 4607;VITACURA VESPUCIO;RM - Santiago;0;AGUAS ANDINAS S.A.;Abierto;Vitacura;SIN CONVENIO;UNI
927;Av. Chicureo S/N;PIEDRA ROJA;RM - Santiago;0;AGUAS ANDINAS S.A.;Proyecto;Colina;SIN CONVENIO;UNI
928;Manquehue 1244;PADRE LAS CASAS;IX - Araucanía;0;AGUAS ARAUCANIA S A;Abierto;Padre Las Casas;SIN CONVENIO;UNI
929;Antonia López de Bello 118;PURISIMA;RM - Santiago;0;AGUAS ANDINAS S.A.;Proyecto;Recoleta;SIN CONVENIO;UNI
930;Doctor Salinas 1101;DOCTOR SALINAS;VI - O'Higgins;0;ESSBIO S.A.;Proyecto;Rancagua;SIN CONVENIO;UNI
931;Los Morros 565;CAMINO NOS;RM - Santiago;0;AGUAS ANDINAS S.A.;Abierto;San Bernardo;SIN CONVENIO;UNI
932;Av. Balmaceda 3070;BALMACEDA II;IV - Coquimbo;0;AGUAS DEL VALLE S A;Proyecto;La Serena;SIN CONVENIO;UNI
933;San Francisco 666;PUERTO VARAS;X - Los Lagos;0;SURALIS;Proyecto;Puerto Varas;SIN CONVENIO;UNI
935;Encón 500;SAN FELIPE ENCON;V - Valparaiso;0;ESVAL S.A.;Abierto;San Felipe;SIN CONVENIO;UNI
939;Del Alhelí 2011;MARGA MARGA;V - Valparaiso;0;ESVAL S.A.;Abierto;Quilpué;SIN CONVENIO;UNI
943;AV. Oriente N° 1245;LOS ANGELES LATORRE;VIII - Biobío;0;ESSBIO S.A.;Proyecto;;SIN CONVENIO;UNI
953;Avda. Consistorial 2701;CONSISTORIAL;RM - Santiago;0;AGUAS ANDINAS S.A.;Abierto;Peñalolén;SIN CONVENIO;UNI
954;Regimiento Arica 6001;REGIMIENTO ARICA;IV - Coquimbo;0;AGUAS DEL VALLE S A;Abierto;La Serena;SIN CONVENIO;UNI
955;Manuel Bulnes 220;SALAMANCA II;IV - Coquimbo;0;AGUAS DEL VALLE S A;Abierto;Salamanca;SIN CONVENIO;UNI
956;Avenida Los Dominicos 8630;LOS DOMINICOS;RM - Santiago;0;AGUAS CORDILLERA S.A.;Abierto;Las Condes;SIN CONVENIO;UNI
957;Avenida Errazuriz 629;VALPARAISO PUERTO;V - Valparaiso;0;ESVAL S.A.;Abierto;Valparaíso;SIN CONVENIO;UNI
958;PORTUGAL 579;PORTUGAL;RM - Santiago;0;AGUAS ANDINAS S.A.;Abierto;Santiago;SIN CONVENIO;UNI
959;Av. O´higgins 774;PUCON;IX - Araucanía;0;AGUAS ARAUCANIA S A;Abierto;Pucon;SIN CONVENIO;UNI
960;Las Nieves 2251 (Troncal S/Francisco);TRONCAL SAN FRANCISCO;RM - Santiago;0;AGUAS ANDINAS S.A.;Abierto;Puente Alto;SIN CONVENIO;UNI
961;Av. Pedro Aguirre Cerda 11385;LA CHIMBA II;II - Antofagasta;0;AGUAS DE ANTOFAGASTA S A;Abierto;Antofagasta;SIN CONVENIO;UNI
962;ESPACIO M (COMPAÑÍA/MORANDE)  1214;MORANDE;RM - Santiago;0;AGUAS ANDINAS S.A.;Abierto;Santiago;SIN CONVENIO;UNI
963;Avenida Las Parcelas ULS PC 304-A;FLORIDA;IV - Coquimbo;0;S Y R INVERSIONES S. A.;Abierto;La Serena;SIN CONVENIO;UNI
964;Padre Hurtado 9230;SAN BERNARDO LOS MORROS;RM - Santiago;0;AGUAS ANDINAS S.A.;Proyecto;San Bernardo;SIN CONVENIO;UNI
965;CALLE 1 NORTE 1570;TALCA-1 NORTE;VII - Maule;0;NUEVOSUR S.A.;Abierto;Talca;SIN CONVENIO;UNI
966;Calle Lautaro 477;CORONEL III;VIII - Biobío;0;ESSBIO S.A.;Abierto;Coronel;SIN CONVENIO;UNI
967;SANTA MARIA  (SUPER AGRO) 2141;ARICA SUPER AGRO;XV - Arica y Parinacota;0;AGUAS DEL ALTIPLANO S.A.;Proyecto;Arica;SIN CONVENIO;UNI
968;Ramon Cruz Grecia;RAMON CRUZ;RM - Santiago;0;AGUAS ANDINAS S.A.;Proyecto;Santiago;SIN CONVENIO;UNI
969;Galvarino Riveros 1277;CASTRO ALTO;X - Los Lagos;0;SURALIS;Proyecto;Castro;SIN CONVENIO;UNI
970;Quemchi;QUEMCHI;X - Los Lagos;0;SURALIS;Proyecto;Quemchi;SIN CONVENIO;UNI
971;Calera de Tango 593;CALERA DE TANGO;RM - Santiago;0;AGUAS ANDINAS S.A.;Proyecto;Calera de Tango;SIN CONVENIO;UNI
972;Dalcahue;DALCAHUE;X - Los Lagos;0;SURALIS;Proyecto;Dalcahue;SIN CONVENIO;UNI
973;Chonchi;CHONCHI;X - Los Lagos;0;SURALIS;Proyecto;Puerto Montt;SIN CONVENIO;UNI
974;Vallenar;BRASIL VALLENAR;III - Atacama;0;NUEVA ATACAMA;Proyecto;Vallenar;SIN CONVENIO;UNI
975;Saturnino Epulef 1613;PRAGA VILLARRICA;IX - Araucanía;0;AGUAS ARAUCANIA S A;Proyecto;Villarrica;SIN CONVENIO;UNI
976;Av. Irarrázabal 1740;MANUEL MONTT II;RM - Santiago;0;AGUAS ANDINAS S.A.;Abierto;Ñuñoa;SIN CONVENIO;UNI
977;Quellón;QUELLON;X - Los Lagos;0;SURALIS;Proyecto;Quellón;SIN CONVENIO;UNI
978;Santa Rosa 5320;SAN JOAQUIN;RM - Santiago;0;AGUAS ANDINAS S.A.;Abierto;San Joaquín;SIN CONVENIO;UNI
979;O'HIGGINS LOTE 1 2259;TALAGANTE OHIGGINS;RM - Santiago;0;AGUAS ANDINAS S.A.;Abierto;Talagante;SIN CONVENIO;UNI
980;Av. El Rosal 6361;MAIPU EL ROSAL;RM - Santiago;0;SMAPA;Abierto;Maipú;SIN CONVENIO;UNI
981;AV. ARGENTINA 850;VALPARAISO ARGENTINA;V - Valparaiso;0;ESVAL S.A.;Proyecto;Valparaíso;SIN CONVENIO;UNI
982;Avenida Alemania 849;TEMUCO ALEMANIA;IX - Araucanía;0;AGUAS ARAUCANIA S A;Abierto;Temuco;SIN CONVENIO;UNI
983;CAMPAÑA DE 79 # 50;CHILLAN CAMPAÑA;XVI - Ñuble;0;ESSBIO S.A.;Proyecto;Chillán;SIN CONVENIO;UNI
984;ANTONIO VARAS 340;CAUQUENES ANTONIO VARAS;VII - Maule;0;NUEVOSUR S.A.;Proyecto;Cauquenes;SIN CONVENIO;UNI
3001;Camilo Henriquez 898;M10 CURICO;VII - Maule;0;NUEVOSUR S.A.;Abierto;Curicó;SIN CONVENIO;M10
3002;Francisco Bilbao 1554;M10 TEMUCO I;IX - Araucanía;0;AGUAS ARAUCANIA S A;Cerrado;Temuco;SIN CONVENIO;M10
3003;Pdte. Ibanez 316;M10 PUERTO MONTT;X - Los Lagos;0;SURALIS;Abierto;Puerto Montt;SIN CONVENIO;M10
3004;Bombero Ruiz Diaz 210;M10 RANCAGUA I;VI - O'Higgins;0;ESSBIO S.A.;Cerrado;Rancagua;SIN CONVENIO;M10
3005;Arlegui 1201;M10 VIÑA DEL MAR;V - Valparaiso;0;ESVAL S.A.;Cerrado;Viña Del Mar;SIN CONVENIO;M10
3006;Eleuterio Ramirez 560;M10 OSORNO;X - Los Lagos;0;SURALIS;Cerrado;Osorno;SIN CONVENIO;M10
3007;Baden Powell 36;M10 EL BELLOTO;V - Valparaiso;0;ESVAL S.A.;Abierto;Quilpué;SIN CONVENIO;M10
3008;Pedro Montt 2585;M10 VALPARAISO;V - Valparaiso;0;ESVAL S.A.;Abierto;Valparaíso;SIN CONVENIO;M10
3009;5 De Abril 338;M10 MAIPU;RM - Santiago;0;SMAPA;Cerrado;Maipú;SIN CONVENIO;M10
3010;Av. Gladys Marin 6480;M10 PAJARITOS;RM - Santiago;0;SMAPA;Abierto;Estacion Central;SIN CONVENIO;M10
3011;San Pablo 8860;M10 SAN PABLO I;RM - Santiago;0;AGUAS ANDINAS S.A.;Proyecto;Santiago;SIN CONVENIO;M10
3012;3 1/2 Norte 1749;M10 TALCA;VII - Maule;0;NUEVOSUR S.A.;Cerrado;Talca;SIN CONVENIO;M10
3013;Av. Portales 2448;M10 SAN BERNARDO I;RM - Santiago;0;AGUAS ANDINAS S.A.;Abierto;San Bernardo;SIN CONVENIO;M10
3014;Chillan 745;M10 SAN FERNANDO;VI - O'Higgins;1298;ESSBIO S.A.;Abierto;San Fernando;TERMINADO;M10
3015;Gran Avenida 9150;M10 LA CISTERNA;RM - Santiago;0;AGUAS ANDINAS S.A.;Abierto;La Cisterna;SIN CONVENIO;M10
3016;Freire 340;M10 CONSTITUCION;VII - Maule;0;NUEVOSUR S.A.;Cerrado;Constitución;SIN CONVENIO;M10
3017;Av. Benavente 427;M10 OVALLE I;IV - Coquimbo;0;AGUAS DEL VALLE S A;Abierto;Ovalle;SIN CONVENIO;M10
3018;Av. M. Rodriguez 312;M10 BUIN;RM - Santiago;0;AGUAS ANDINAS S.A.;Abierto;Buin;SIN CONVENIO;M10
3019;"Av. O""Higgins 1815";M10 ANGOL;IX - Araucanía;0;AGUAS ARAUCANIA S A;Abierto;Angol;SIN CONVENIO;M10
3020;Sor Vicenta 2141;M10 LOS ANGELES;VIII - Biobío;0;ESSBIO S.A.;Abierto;Los Angeles;SIN CONVENIO;M10
3021;Av. Brasil 1016;M10 RANCAGUA II;VI - O'Higgins;0;ESSBIO S.A.;Abierto;Rancagua;SIN CONVENIO;M10
3022;Pedro De Valdivia 2285;M10 TEMUCO II;IX - Araucanía;3721;AGUAS ARAUCANIA S A;Abierto;Temuco;CONVENIO;M10
3023;Santa Teresa 254;M10 LOS ANDES;V - Valparaiso;0;ESVAL S.A.;Cerrado;Los Andes;SIN CONVENIO;M10
3024;21 De Mayo 4287;M10 PEÑAFLOR;RM - Santiago;0;AGUAS ANDINAS S.A.;Abierto;Peñaflor;SIN CONVENIO;M10
3025;Ruta Rauquen Km 185;M10 DIS LAS PALMAS;VII - Maule;0;NUEVOSUR S.A.;Cerrado;Curicó;SIN CONVENIO;ALVI
3026;A. Prat 879 Local 76;M10 CHILLÁN ARTURO PRAT;XVI - Ñuble;0;ESSBIO S.A.;Abierto;Chillán;SIN CONVENIO;M10
3027;Isabel Riquelme 959;M10 CHILLÁN I RIQUELME;XVI - Ñuble;0;ESSBIO S.A.;Abierto;Chillán;SIN CONVENIO;M10
3028;San Pablo 6702;M10 LO PRADO;RM - Santiago;0;AGUAS ANDINAS S.A.;Abierto;Lo Prado;SIN CONVENIO;M10
3029;San Jose De La Estrella 1392;M10 LA FLORIDA;RM - Santiago;0;AGUAS ANDINAS S.A.;Abierto;La Florida;SIN CONVENIO;M10
3030;Eyzaguirre 3208;M10 EYZAGUIRRE;RM - Santiago;0;AGUAS ANDINAS S.A.;Cerrado;Puente Alto;SIN CONVENIO;M10
3031;Carretera Gral. San Martin 381;M10 COLINA;RM - Santiago;0;AGUAS ANDINAS S.A.;Abierto;Colina;SIN CONVENIO;M10
3032;Av. San Pablo 8537;M10 SAN PABLO II;RM - Santiago;0;AGUAS ANDINAS S.A.;Abierto;Pudahuel;SIN CONVENIO;M10
3033;Llico 456;M10 SAN JOAQUIN;RM - Santiago;0;AGUAS ANDINAS S.A.;Abierto;San Joaquín;SIN CONVENIO;M10
3034;Arturo Prat 607;M10 RENGO;VI - O'Higgins;0;ESSBIO S.A.;Abierto;Rengo;SIN CONVENIO;M10
3035;Buenaventura Con Avda Central;M10 JM CARO;RM - Santiago;0;AGUAS ANDINAS S.A.;Cerrado;Lo Espejo;SIN CONVENIO;M10
3036;Colon 7948 Hualpen;M10 HUALPEN;VIII - Biobío;0;ESSBIO S.A.;Abierto;Hualpén;SIN CONVENIO;M10
3037;Esmeralda 751;M10 LA UNION;XIV - Los Ríos;0;SURALIS;Abierto;La Unión;SIN CONVENIO;M10
3038;2 Norte 1373;M10 MAIPU II;RM - Santiago;0;SMAPA;Abierto;Maipú;SIN CONVENIO;M10
3039;El Salto 2506;M10 RECOLETA;RM - Santiago;0;AGUAS ANDINAS S.A.;Abierto;Recoleta;SIN CONVENIO;M10
3040;Av. Pinto N 172;M10 TEMUCO III;IX - Araucanía;0;AGUAS ARAUCANIA S A;Abierto;Temuco;SIN CONVENIO;M10
3041;Santo Domingo 111;M10 SAN FELIPE;V - Valparaiso;0;ESVAL S.A.;Abierto;San Felipe;SIN CONVENIO;M10
3042;Carrera 949;M10 LA CALERA;V - Valparaiso;0;ESVAL S.A.;Abierto;La Calera;SIN CONVENIO;M10
3043;Bulnes 550;M10 SAN BERNARDO II;RM - Santiago;0;AGUAS ANDINAS S.A.;Abierto;San Bernardo;SIN CONVENIO;M10
3044;Av. Espana Esq Genaro Lisboa S/N;M10 SAN VICENTE;VI - O'Higgins;0;ESSBIO S.A.;Abierto;San Vicente;SIN CONVENIO;M10
3045;Victoria 435;M10 OVALLE II;IV - Coquimbo;0;AGUAS DEL VALLE S A;Abierto;Ovalle;SIN CONVENIO;M10
3046;Av. Serafín Zamora 127;M10 VICUÑA MACKENNA;RM - Santiago;0;AGUAS ANDINAS S.A.;Abierto;La Florida;SIN CONVENIO;M10
3048;Pedro Montt 148;M10 SAN ANTONIO;V - Valparaiso;0;ESVAL S.A.;Abierto;San Antonio;SIN CONVENIO;M10
3049;Av. Valparaiso 517;M10 VILLA ALEMANA;V - Valparaiso;0;ESVAL S.A.;Abierto;Villa Alemana;SIN CONVENIO;M10
3050;DUMMY;TIENDA DUMMY MAYORISTA;XII - Magallanes;0;AGUAS MAGALLANES S.A.;Proyecto;Punta Arenas;SIN CONVENIO;M10
3051;Gladys Marin 6664;M10 PAJARITOS II;RM - Santiago;0;SMAPA;Abierto;Estacion Central;SIN CONVENIO;M10
3053;Americo Vespucio 1601;M10 CERRILLOS;RM - Santiago;0;SMAPA;Abierto;Cerrillos;SIN CONVENIO;M10
3054;Camilo Henriquez 5239;M10 CAMILO HENRIQUEZ;RM - Santiago;0;AGUAS ANDINAS S.A.;Abierto;Puente Alto;SIN CONVENIO;M10
3055;Rojas Magallanes 1856;M10 ROJAS MAGALLANES;RM - Santiago;0;AGUAS ANDINAS S.A.;Abierto;La Florida;SIN CONVENIO;M10
3056;Av. Santa Rosa 7592;M10 STA ROSA;RM - Santiago;0;AGUAS ANDINAS S.A.;Abierto;La Granja;SIN CONVENIO;M10
3057;Av. Marathon 3073;M10 MARATHON;RM - Santiago;0;AGUAS ANDINAS S.A.;Abierto;Macul;SIN CONVENIO;M10
3058;Av. San Luis De Macul 5171;M10 SAN LUIS;RM - Santiago;0;AGUAS ANDINAS S.A.;Abierto;Macul;SIN CONVENIO;M10
3060;Camino Melipilla 17100 ;M10 C. MELIPILLA;RM - Santiago;0;AGUAS ANDINAS S.A.;Cerrado;Maipú;SIN CONVENIO;M10
3063;Av. San Martin 460;M10 SAN MARTIN;RM - Santiago;0;AGUAS ANDINAS S.A.;Abierto;San Bernardo;SIN CONVENIO;M10
3064;San Diego 2115;M10 SAN DIEGO;RM - Santiago;0;AGUAS ANDINAS S.A.;Abierto;Santiago;SIN CONVENIO;M10
3065;Av Santa Maria 2141;M10 ARICA;XV - Arica y Parinacota;0;AGUAS DEL ALTIPLANO S.A.;Proyecto;Arica;SIN CONVENIO;M10
3066;Av. Frei 0770;M10 PUNTA ARENAS;XII - Magallanes;0;AGUAS MAGALLANES S.A.;Cerrado;Punta Arenas;SIN CONVENIO;M10
3067;Gran Avenida Nº10580;M10 EL BOSQUE;RM - Santiago;0;AGUAS ANDINAS S.A.;Cerrado;El Bosque;SIN CONVENIO;M10
3069;Sanfurgo N° 66;M10 SANTA CRUZ;VI - O'Higgins;0;ESSBIO S.A.;Abierto;Santa Cruz;SIN CONVENIO;M10
3071;Eyzaguirre 2909;ALVI PUENTE ALTO;RM - Santiago;0;AGUAS ANDINAS S.A.;Abierto;Puente Alto;SIN CONVENIO;ALVI
3072;Av. San Pablo 8685;ALVI SAN PABLO;RM - Santiago;0;AGUAS ANDINAS S.A.;Abierto;Pudahuel;SIN CONVENIO;ALVI
3073;Domingo Santa Maria N° 3897;ALVI RENCA;RM - Santiago;0;AGUAS ANDINAS S.A.;Abierto;Renca;SIN CONVENIO;ALVI
3074;Recoleta 1750;ALVI RECOLETA;RM - Santiago;0;AGUAS ANDINAS S.A.;Abierto;Recoleta;SIN CONVENIO;ALVI
3075;Januario Espinoza 903;ALVI LINARES;VII - Maule;0;NUEVOSUR S.A.;Abierto;Linares;SIN CONVENIO;ALVI
3076;Santa Rosa 5780;ALVI DEPARTAMENTAL;RM - Santiago;0;AGUAS ANDINAS S.A.;Abierto;San Joaquín;SIN CONVENIO;ALVI
3077;Santa Rosa 13218;ALVI LA PINTANA;RM - Santiago;0;AGUAS ANDINAS S.A.;Abierto;La Pintana;SIN CONVENIO;ALVI
3078;Santa Rosa 9267;ALVI VESPUCIO;RM - Santiago;0;AGUAS ANDINAS S.A.;Abierto;San Ramón;SIN CONVENIO;ALVI
3079;Av. J.J. Perez, N° 6658;ALVI JJ PEREZ;RM - Santiago;0;AGUAS ANDINAS S.A.;Abierto;Cerro Navia;SIN CONVENIO;ALVI
3080;Independencia 4154;ALVI INDEPENDENCIA;RM - Santiago;0;AGUAS ANDINAS S.A.;Abierto;Independencia;SIN CONVENIO;ALVI
3081;Gran Avenida 13059;ALVI EL BOSQUE;RM - Santiago;0;AGUAS ANDINAS S.A.;Abierto;El Bosque;SIN CONVENIO;ALVI
3082;Av. Concha Y Toro 3088;ALVI CONCHA Y TORO;RM - Santiago;0;AGUAS ANDINAS S.A.;Abierto;Puente Alto;SIN CONVENIO;ALVI
3083;Av. Pajaritos 1637 Y 1613;ALVI MAIPU;RM - Santiago;0;SMAPA;Abierto;Maipú;SIN CONVENIO;ALVI
3084;Av. Grecia 7310;ALVI PEÑALOLEN;RM - Santiago;0;AGUAS ANDINAS S.A.;Cerrado;Peñalolén;SIN CONVENIO;ALVI
3085;Av. Freire 1515, Camino Troncal;ALVI BELLOTO;V - Valparaiso;0;ESVAL S.A.;Abierto;Quilpué;SIN CONVENIO;ALVI
3086;Av. Balmaceda 1531;ALVI TEMUCO;IX - Araucanía;0;AGUAS ARAUCANIA S A;Abierto;Temuco;SIN CONVENIO;ALVI
3087;1 Sur 1990 (Con 13 Oriente);ALVI TALCA TERMINAL;VII - Maule;0;NUEVOSUR S.A.;Abierto;Talca;SIN CONVENIO;ALVI
3088;Av. Presidente Ibañez 507;ALVI PUERTO MONTT;X - Los Lagos;0;SURALIS;Abierto;Puerto Montt;SIN CONVENIO;ALVI
3089;Av. Los Carrera 555 (Esq. Caupolican);ALVI CONCEPCION;VIII - Biobío;0;ESSBIO S.A.;Abierto;Concepción;SIN CONVENIO;ALVI
3090;Av. San Martin 030;ALVI QUILICURA;RM - Santiago;0;AGUAS ANDINAS S.A.;Abierto;Quilicura;SIN CONVENIO;ALVI
3091;Isabel Riquelme 1001 (Cocharcas 852);ALVI CHILLAN;XVI - Ñuble;0;ESSBIO S.A.;Abierto;Chillán;SIN CONVENIO;ALVI
3092;Pajaritos 5100;ALVI PAJARITOS;RM - Santiago;0;SMAPA;Abierto;Maipú;SIN CONVENIO;ALVI
3093;Juan Antonio Rìos 1165;ALVI COQUIMBO;IV - Coquimbo;0;AGUAS DEL VALLE S A;Abierto;Coquimbo;SIN CONVENIO;ALVI
3094;Bombero Ruidiaz 040;ALVI RANCAGUA;VI - O'Higgins;0;ESSBIO S.A.;Abierto;Rancagua;SIN CONVENIO;ALVI
3095;Av. 11 Oriente 1550;ALVI TALCA MERCADO;VII - Maule;0;NUEVOSUR S.A.;Cerrado;Talca;SIN CONVENIO;ALVI
3096;Villagran 471;ALVI LOS ANGELES;VIII - Biobío;0;ESSBIO S.A.;Abierto;Los Angeles;SIN CONVENIO;ALVI
3097;Av. San Pablo 5660;ALVI LO PRADO;RM - Santiago;0;AGUAS ANDINAS S.A.;Abierto;Lo Prado;SIN CONVENIO;ALVI
3098;Av. Las Condes 11097;ALVI LAS CONDES;RM - Santiago;0;AGUAS CORDILLERA S.A.;Abierto;Las Condes;SIN CONVENIO;ALVI
3099;Yungay 2626;ALVI VALPARAISO;V - Valparaiso;0;ESVAL S.A.;Abierto;Valparaíso;SIN CONVENIO;ALVI
3100;Ramon Sanfurgo 190;ALVI SANTA CRUZ;VI - O'Higgins;0;ESSBIO S.A.;Cerrado;Santa Cruz;SIN CONVENIO;ALVI
3135;Lo Barnechea 1393;M10 LO BARNECHEA;RM - Santiago;0;AGUAS ANDINAS S.A.;Cerrado;Lo Barnechea;SIN CONVENIO;M10
3143;Francisco Salazar 01650;M10 TEMUCO IV;IX - Araucanía;4422;AGUAS ARAUCANIA S A;Abierto;Temuco;CONVENIO;M10
3159;Calle Jose Victorino Lastarria 712;ALVI RANCAGUA II;VI - O'Higgins;0;ESSBIO S.A.;Cerrado;Rancagua;SIN CONVENIO;ALVI
3160;Camino A Melipilla  N° 18300;M10 MAIPU III;RM - Santiago;0;SMAPA;Abierto;Maipú;SIN CONVENIO;M10
3161;Av. Tobalaba 11835;M10 PEÑALOLEN;RM - Santiago;0;AGUAS ANDINAS S.A.;Cerrado;Peñalolén;SIN CONVENIO;M10
3162;Av. Concha Y Toro Nº 4115 ;M10 PUENTE ALTO ll;RM - Santiago;0;AGUAS ANDINAS S.A.;Abierto;Puente Alto;SIN CONVENIO;M10
3163;Saavedra 955;M10 CAÑETE;VIII - Biobío;0;ESSBIO S.A.;Abierto;Cañete;SIN CONVENIO;M10
3164;Los Carreras N° 637;M10 CONCEPCION;VIII - Biobío;0;ESSBIO S.A.;Abierto;Concepción;SIN CONVENIO;M10
3165;Prat  71;M10 CONCEPCION II;VIII - Biobío;0;ESSBIO S.A.;Cerrado;Concepción;SIN CONVENIO;M10
3166;Nueva Imperial 113;M10 HUALPEN II;VIII - Biobío;0;ESSBIO S.A.;Abierto;Hualpén;SIN CONVENIO;M10
3167;Ignacio Serrano 908;M10 TOME;VIII - Biobío;0;ESSBIO S.A.;Abierto;Tomé;SIN CONVENIO;M10
3168;Miraflores 1230;M10 TEMUCO V;IX - Araucanía;0;AGUAS ARAUCANIA S A;Abierto;Temuco;SIN CONVENIO;M10
3169;Av. Brasil 646-648;M10 LINARES;VII - Maule;0;NUEVOSUR S.A.;Abierto;Linares;SIN CONVENIO;M10
3170;21 De Mayo 819;M10 21 DE MAYO;RM - Santiago;0;AGUAS ANDINAS S.A.;Abierto;Puente Alto;SIN CONVENIO;M10
3171;Presidente Ibañez 316;ALVI PUERTO MONTT II;X - Los Lagos;0;SURALIS;Cerrado;Puerto Montt;SIN CONVENIO;ALVI
3172;Chillan 637;ALVI OSORNO;X - Los Lagos;0;SURALIS;Abierto;Osorno;SIN CONVENIO;ALVI
3173;;M10 PUDAHUEL;RM - Santiago;0;AGUAS ANDINAS S.A.;Proyecto;Pudahuel;SIN CONVENIO;M10
3174;DOCTOR SALINAS  1101;M10 DOCTOR SALINA;VI - O'Higgins;0;ESSBIO S.A.;Proyecto;Rancagua;SIN CONVENIO;M10
3176;JOSE JOAQUIN PEREZ 8045;M10 CERRO NAVIA;RM - Santiago;0;AGUAS ANDINAS S.A.;Proyecto;Cerro Navia;SIN CONVENIO;M10
3177;TEMUCO HUERFANOS;M10 TEMUCO VI;IX - Araucanía;0;AGUAS ARAUCANIA S A;Proyecto;Padre Las Casas;SIN CONVENIO;M10
3178;AVDA MANUEL ANTONIO MATTA  876;M10 QUILICURA;RM - Santiago;0;AGUAS ANDINAS S.A.;Proyecto;Quilicura;SIN CONVENIO;M10
3179;Av Concha y Toro 1184;M10 PUENTE ALTO;RM - Santiago;0;AGUAS ANDINAS S.A.;Proyecto;Puente Alto;SIN CONVENIO;M10
3180;21 de Mayo 1081;ALVI TALAGANTE 21 DE MAYO;RM - Santiago;0;AGUAS ANDINAS S.A.;Abierto;Talagante;SIN CONVENIO;ALVI
3181;Teniente Cruz 570;ALVI TTE. CRUZ;RM - Santiago;0;AGUAS ANDINAS S.A.;Abierto;Pudahuel;SIN CONVENIO;ALVI
3182;AVDA 21 DE MAYO 131-135;ALVI QUILLOTA 21 DE MAYO;V - Valparaiso;0;ESVAL S.A.;Proyecto;Quillota;SIN CONVENIO;ALVI
3183;Padre Hurtado N 14829 - 14589;ALVI SAN BERNARDO;RM - Santiago;0;AGUAS ANDINAS S.A.;Cerrado;San Bernardo;SIN CONVENIO;ALVI
3184;Ramon Perez 3195;ALVI ALTO HOSPICIO;I - Tarapacá;0;AGUAS DEL ALTIPLANO S.A.;Cerrado;Alto Hospicio;SIN CONVENIO;ALVI
3187;3 1/2 Norte 1749;ALVI TALCA ALAMEDA;VII - Maule;0;NUEVOSUR S.A.;Abierto;Talca;SIN CONVENIO;ALVI
3197;Av. Ramon Picarte 2593;ALVI PICARTE VALDIVIA;XIV - Los Ríos;1961;AGUAS DECIMA S A;Abierto;Valdivia;CONVENIO;ALVI
3198;Ruta Rauquen Km 185;ALVI LAS PALMAS;VII - Maule;0;NUEVOSUR S.A.;Cerrado;Curicó;SIN CONVENIO;ALVI
3199;;ALVI CAJAS;RM - Santiago;0;SMAPA;Cerrado;;SIN CONVENIO;ALVI
3501;Diagonal Teniente Cruz 530;S10 LA TRAVESÍA;RM - Santiago;0;AGUAS ANDINAS S.A.;Abierto;Pudahuel;SIN CONVENIO;M10
3502;Av. Gabriela Oriente 0651;S10 GABRIELA;RM - Santiago;0;AGUAS ANDINAS S.A.;Abierto;Puente Alto;SIN CONVENIO;M10
3503;Av. Portales Oriente 1701;S10 PORTALES;RM - Santiago;0;AGUAS ANDINAS S.A.;Abierto;San Bernardo;SIN CONVENIO;M10
3504;Av. Brasil 1064;S10 RANCAGUA III;VI - O'Higgins;0;ESSBIO S.A.;Abierto;Rancagua;SIN CONVENIO;M10
3508;Gran Avenida 6060;S10 GRAN AVENIDA;RM - Santiago;0;AGUAS ANDINAS S.A.;Abierto;San Miguel;SIN CONVENIO;M10
3999;;M10 DIS CAJAS;RM - Santiago;0;AGUAS ANDINAS S.A.;Cerrado;;SIN CONVENIO;ALVI
8040;;ECOS CAPACITACIÓN;RM - Santiago;0;AGUAS ANDINAS S.A.;Abierto;0;SIN CONVENIO;OFICINAS
9003;COLÓN 7948;CENTROS PRODUCCION CONCEPCION;VIII - Biobío;0;ESSBIO S.A.;Cerrado;Hualpén;SIN CONVENIO;UNI
9004;Fco.Bilbao 3545;CENTRO PRODUCTIVO IQUIQUE;I - Tarapacá;0;AGUAS DEL ALTIPLANO S.A.;Abierto;Iquique;SIN CONVENIO;UNI
9006;FRANCISCO SALAZAR 01650;CENTROS PRODUCCION TEMUCO;IX - Araucanía;0;AGUAS ARAUCANIA S A;Cerrado;Temuco;SIN CONVENIO;UNI
9010;VICUÑA MACKENNA 6320;CENTROS PRODUCCION VIC.MACKENNA;RM - Santiago;0;AGUAS ANDINAS S.A.;Cerrado;La Florida;SIN CONVENIO;UNI
9016;IGNACIO SERRANO 980;CENTROS PRODUCCION CARACOL;VIII - Biobío;0;ESSBIO S.A.;Cerrado;Tomé;SIN CONVENIO;UNI
9017;AV. O’HIGGINS 2305;CENTROS PRODUCCION CHILLAN VIEJO;VIII - Biobío;0;ESSBIO S.A.;Cerrado;Chillán Viejo;SIN CONVENIO;UNI
9041;TALCA 101 TIERRAS BLANCAS;CD COQUIMBO ABARROTES;IV - Coquimbo;0;AGUAS DEL VALLE S A;Cerrado;Coquimbo;SIN CONVENIO;UNI
9043;RUTA D-43, BARRIO INDUSTRIAL 701, TIERRAS BLANCAS;CD COQUIMBO FYV;IV - Coquimbo;0;RENTAS ALTO PENUELAS S.A.;Cerrado;Coquimbo;SIN CONVENIO;UNI
9051;PAN DE AZUCAR S/N;CD NUEVO COQUIMBO;IV - Coquimbo;0;RENTAS COQUIMBO SPA;Abierto;Coquimbo;SIN CONVENIO;UNI
9058;La Vara;CD IMPORTADOS (LA VARA);RM - Santiago;0;RENTAS SAN PEDRO S A;Cerrado;San Bernardo;SIN CONVENIO;UNI
9070;RUTA 5 NORTE KM 1357, SECTOR LA NEGRA, BODEGA B3;CD ANTOFAGASTA;II - Antofagasta;0;BODEGAS SAN FRANCISCO LTDA;Cerrado;Antofagasta;SIN CONVENIO;UNI
9071;Av. Hector Gómez Cobo 286, sector La Negra;CD ANTOFAGASTA NUEVO;II - Antofagasta;0;MEGA CENTRO;Abierto;Antofagasta;SIN CONVENIO;UNI
9083;Camino coronel KM 11 N 66;CD CONCEPCIÓN;VIII - Biobío;0;RENTAS SAN PEDRO S A;Abierto;San Pedro De La Paz;SIN CONVENIO;UNI
9109;RECTA FOITZICK KILÓMETRO 5;CD COYHAIQUE;XI - Aysén;0;AGUAS PATAGONIA;Abierto;Coyhaique;SIN CONVENIO;UNI
9111;GASTON ADARME 930;CD COYHAIQUE (ANTIGUO);XI - Aysén;0;AGUAS PATAGONIA;Cerrado;Coyhaique;SIN CONVENIO;UNI
9121;ZONA FRANCA MANZANA 18;CD ZONA FRANCA PUNTA ARENAS;XII - Magallanes;0;CARGA RESULTADO ABU GOSH;Abierto;Punta Arenas;SIN CONVENIO;UNI
9123;PRESIDENTE CARLOS IBAÑEZ DEL CAMPO S/N, KM 6,5 Norte;CD PUNTA ARENAS;XII - Magallanes;0;SOC COMERCIAL E INVERSIONES GALICIA;Abierto;Punta Arenas;SIN CONVENIO;UNI
9139;CAMINO LO AGUIRRE SUR 537;CD LO AGUIRRE;RM - Santiago;3552;AGUAS IZARRA;Abierto;Pudahuel;SIN CONVENIO;UNI
9158;Miraflores 9700, BODEGA C4;IMPORT. AEROPARQUE;RM - Santiago;0;RENTAS MIRAFLORES SPA;Abierto;Pudahuel;SIN CONVENIO;UNI
9162;;CD LO BLANCO;RM - Santiago;0;AGUAS ANDINAS S.A.;Abierto;0;SIN CONVENIO;UNI
9213;;M10 INSTITUCIONAL;RM - Santiago;0;AGUAS ANDINAS S.A.;Cerrado;;SIN CONVENIO;ALVI
9400;LONGITUDINAL SUR, SECTOR: LÍMITE REGIONAL - QUELLÓN 1024;CD PUERTO MONTT;X - Los Lagos;0;SURALIS;Abierto;Puerto Montt;SIN CONVENIO;UNI
9750;Miraflores 9700;CD ALVI AEROPARQUE;RM - Santiago;0;RENTAS MIRAFLORES SPA;Abierto;Pudahuel;SIN CONVENIO;ALVI
9751;Miraflores 9700, BODEGA C4;CD ALVI FRIOS AEROPARQUE;RM - Santiago;0;AGUAS ANDINAS S.A.;Abierto;Pudahuel;SIN CONVENIO;ALVI
-;LAGUNA SUR 9600, BODEGA C1;CD IMPORTADOS (EX IMPORTADOS)LAGUNA SUR;RM - Santiago;0;AGUAS ANDINAS S.A.;Cerrado;Pudahuel;SIN CONVENIO;UNI
O048803010;OFICINA CENTRAL;EDIFICIO NERUDA;RM - Santiago;0;AGUAS ANDINAS S.A.;Cerrado;Las Condes;SIN CONVENIO;OFICINAS
O048803080;Cerro El Plomo 5680. Piso 7,8,9,10 y 11;EDIFICIO LAS ARTES;RM - Santiago;0;AGUAS CORDILLERA S.A.;Abierto;Las Condes;SIN CONVENIO;OFICINAS
O048806050;ADM. DE EDIFICIOS;EDIFICIO MISTRAL;RM - Santiago;0;AGUAS CORDILLERA S.A.;Cerrado;Las Condes;SIN CONVENIO;OFICINAS
